"","pclass","sex","age","age_group","sibsp","parch","familysize","fare","embarked","survived"
"1","3rd_class","Male",34,"Adult",0,0,0,7.83,"Queenstown","No"
"2","3rd_class","Female",47,"Adult",1,0,1,7,"Southampton","No"
"3","2nd_class","Male",62,"Adult",0,0,0,9.69,"Queenstown","No"
"4","3rd_class","Male",27,"Adult",0,0,0,8.66,"Southampton","No"
"5","3rd_class","Female",22,"Adult",1,1,2,12.29,"Southampton","No"
"6","3rd_class","Male",14,"Teenage",0,0,0,9.22,"Southampton","No"
"7","3rd_class","Female",30,"Adult",0,0,0,7.63,"Queenstown","No"
"8","2nd_class","Male",26,"Adult",1,1,2,29,"Southampton","No"
"9","3rd_class","Female",18,"Teenage",0,0,0,7.23,"Cherbourg","Yes"
"10","3rd_class","Male",21,"Adult",2,0,2,24.15,"Southampton","No"
"11","3rd_class","Male",28,"Adult",0,0,0,7.9,"Southampton","No"
"12","1st_class","Male",46,"Adult",0,0,0,26,"Southampton","No"
"13","1st_class","Female",23,"Adult",1,0,1,82.27,"Southampton","Yes"
"14","2nd_class","Male",63,"Adult",1,0,1,26,"Southampton","No"
"15","1st_class","Female",47,"Adult",1,0,1,61.17,"Southampton","Yes"
"16","2nd_class","Female",24,"Adult",1,0,1,27.72,"Cherbourg","Yes"
"17","2nd_class","Male",35,"Adult",0,0,0,12.35,"Queenstown","No"
"18","3rd_class","Male",21,"Adult",0,0,0,7.22,"Cherbourg","No"
"19","3rd_class","Female",27,"Adult",1,0,1,7.92,"Southampton","No"
"20","3rd_class","Female",45,"Adult",0,0,0,7.22,"Cherbourg","No"
"21","1st_class","Male",55,"Adult",1,0,1,59.4,"Cherbourg","No"
"22","3rd_class","Male",9,"Kid",0,1,1,3.17,"Southampton","Yes"
"23","1st_class","Female",45,"Adult",0,0,0,31.68,"Southampton","Yes"
"24","1st_class","Male",21,"Adult",0,1,1,61.38,"Cherbourg","No"
"25","1st_class","Female",48,"Adult",1,3,4,262.38,"Cherbourg","Yes"
"26","3rd_class","Male",50,"Adult",1,0,1,14.5,"Southampton","No"
"27","1st_class","Female",22,"Adult",0,1,1,61.98,"Cherbourg","Yes"
"28","3rd_class","Male",22,"Adult",0,0,0,7.22,"Cherbourg","No"
"29","1st_class","Male",41,"Adult",0,0,0,30.5,"Southampton","Yes"
"30","3rd_class","Male",28,"Adult",2,0,2,21.68,"Cherbourg","No"
"31","2nd_class","Male",50,"Adult",1,0,1,26,"Southampton","No"
"32","2nd_class","Male",24,"Adult",2,0,2,31.5,"Southampton","No"
"33","3rd_class","Female",33,"Adult",1,2,3,20.58,"Southampton","No"
"34","3rd_class","Female",24,"Adult",1,2,3,23.45,"Southampton","No"
"35","1st_class","Male",30,"Adult",1,0,1,57.75,"Cherbourg","No"
"36","3rd_class","Male",18,"Teenage",0,0,0,7.23,"Cherbourg","No"
"37","3rd_class","Female",29,"Adult",0,0,0,8.05,"Southampton","No"
"38","3rd_class","Female",21,"Adult",0,0,0,8.66,"Southampton","Yes"
"39","3rd_class","Male",25,"Adult",0,0,0,9.5,"Southampton","No"
"40","3rd_class","Male",30,"Adult",0,0,0,56.5,"Southampton","Yes"
"41","3rd_class","Male",39,"Adult",0,1,1,13.42,"Cherbourg","No"
"42","1st_class","Male",48,"Adult",0,0,0,26.55,"Southampton","No"
"43","3rd_class","Male",41,"Adult",0,0,0,7.85,"Southampton","No"
"44","2nd_class","Female",30,"Adult",0,0,0,13,"Southampton","Yes"
"45","1st_class","Female",45,"Adult",1,0,1,52.55,"Southampton","Yes"
"46","3rd_class","Male",25,"Adult",0,0,0,7.92,"Southampton","No"
"47","1st_class","Male",45,"Adult",0,0,0,29.7,"Cherbourg","No"
"48","3rd_class","Male",30,"Adult",0,0,0,7.75,"Queenstown","No"
"49","1st_class","Female",60,"Adult",0,0,0,76.29,"Cherbourg","Yes"
"50","3rd_class","Female",36,"Adult",0,2,2,15.9,"Southampton","Yes"
"51","1st_class","Male",24,"Adult",1,0,1,60,"Southampton","No"
"52","2nd_class","Male",27,"Adult",0,0,0,15.03,"Cherbourg","No"
"53","2nd_class","Female",20,"Adult",2,1,3,23,"Southampton","Yes"
"54","1st_class","Female",28,"Adult",3,2,5,263,"Southampton","Yes"
"55","2nd_class","Male",33,"Adult",0,0,0,15.58,"Cherbourg","No"
"56","3rd_class","Male",10,"Kid",4,1,5,29.12,"Queenstown","No"
"57","3rd_class","Male",35,"Adult",0,0,0,7.9,"Southampton","No"
"58","3rd_class","Male",25,"Adult",0,0,0,7.65,"Southampton","No"
"59","3rd_class","Male",28,"Adult",1,0,1,16.1,"Southampton","No"
"60","1st_class","Female",36,"Adult",0,0,0,262.38,"Cherbourg","Yes"
"61","3rd_class","Male",17,"Teenage",0,0,0,7.9,"Southampton","No"
"62","2nd_class","Male",32,"Adult",0,0,0,13.5,"Southampton","No"
"63","3rd_class","Male",18,"Teenage",0,0,0,7.75,"Southampton","No"
"64","3rd_class","Female",22,"Adult",0,0,0,7.72,"Queenstown","Yes"
"65","1st_class","Male",13,"Teenage",2,2,4,262.38,"Cherbourg","Yes"
"66","2nd_class","Female",30,"Adult",0,0,0,21,"Southampton","Yes"
"67","3rd_class","Female",18,"Teenage",0,0,0,7.88,"Queenstown","Yes"
"68","1st_class","Male",47,"Adult",0,0,0,42.4,"Southampton","No"
"69","1st_class","Male",31,"Adult",0,0,0,28.54,"Cherbourg","No"
"70","1st_class","Female",60,"Adult",1,4,5,263,"Southampton","Yes"
"71","3rd_class","Female",24,"Adult",0,0,0,7.75,"Queenstown","Yes"
"72","3rd_class","Male",21,"Adult",0,0,0,7.9,"Southampton","No"
"73","3rd_class","Female",29,"Adult",0,0,0,7.92,"Southampton","No"
"74","1st_class","Male",28,"Adult",0,0,0,27.72,"Cherbourg","No"
"75","1st_class","Female",35,"Adult",0,0,0,211.5,"Cherbourg","Yes"
"76","1st_class","Male",32,"Adult",0,0,0,211.5,"Cherbourg","No"
"77","3rd_class","Male",28,"Adult",0,0,0,8.05,"Southampton","No"
"78","1st_class","Female",55,"Adult",2,0,2,25.7,"Southampton","Yes"
"79","2nd_class","Male",30,"Adult",0,0,0,13,"Southampton","No"
"80","3rd_class","Female",24,"Adult",0,0,0,7.75,"Queenstown","Yes"
"81","3rd_class","Male",6,"Kid",1,1,2,15.25,"Cherbourg","Yes"
"82","1st_class","Male",67,"Elder",1,0,1,221.78,"Southampton","No"
"83","1st_class","Male",49,"Adult",0,0,0,26,"Southampton","No"
"84","3rd_class","Male",28,"Adult",0,0,0,7.9,"Southampton","No"
"85","2nd_class","Male",33,"Adult",0,0,0,10.71,"Queenstown","No"
"86","3rd_class","Male",28,"Adult",1,0,1,14.45,"Cherbourg","No"
"87","3rd_class","Female",27,"Adult",0,0,0,7.88,"Queenstown","No"
"88","3rd_class","Female",18,"Teenage",0,0,0,8.05,"Southampton","Yes"
"89","3rd_class","Female",23,"Adult",0,0,0,7.75,"Queenstown","Yes"
"90","2nd_class","Male",2,"Kid",1,1,2,23,"Southampton","Yes"
"91","3rd_class","Female",22,"Adult",1,0,1,13.9,"Southampton","No"
"92","3rd_class","Male",28,"Adult",0,0,0,7.78,"Southampton","No"
"93","1st_class","Female",27,"Adult",1,2,3,52,"Southampton","Yes"
"94","3rd_class","Male",28,"Adult",0,0,0,8.05,"Southampton","No"
"95","1st_class","Male",25,"Adult",0,0,0,26,"Cherbourg","No"
"96","3rd_class","Male",25,"Adult",0,0,0,7.8,"Southampton","No"
"97","1st_class","Female",76,"Elder",1,0,1,78.85,"Southampton","No"
"98","3rd_class","Male",29,"Adult",0,0,0,7.92,"Southampton","No"
"99","3rd_class","Female",20,"Adult",0,0,0,7.85,"Southampton","Yes"
"100","3rd_class","Male",33,"Adult",0,0,0,8.05,"Southampton","No"
"101","1st_class","Female",43,"Adult",1,0,1,55.44,"Cherbourg","Yes"
"102","2nd_class","Male",27,"Adult",1,0,1,26,"Southampton","No"
"103","3rd_class","Male",30,"Adult",0,0,0,7.75,"Queenstown","No"
"104","3rd_class","Male",26,"Adult",0,0,0,7.78,"Southampton","No"
"105","3rd_class","Female",16,"Teenage",1,1,2,8.52,"Cherbourg","Yes"
"106","3rd_class","Male",28,"Adult",0,0,0,22.52,"Southampton","No"
"107","3rd_class","Male",21,"Adult",0,0,0,7.82,"Queenstown","No"
"108","3rd_class","Male",30,"Adult",0,0,0,7.75,"Queenstown","No"
"109","3rd_class","Male",28,"Adult",0,0,0,8.71,"Southampton","No"
"110","2nd_class","Male",18,"Teenage",0,0,0,13,"Southampton","No"
"111","2nd_class","Male",41,"Adult",0,0,0,15.05,"Cherbourg","No"
"112","3rd_class","Female",24,"Adult",0,0,0,7.78,"Queenstown","Yes"
"113","1st_class","Female",36,"Adult",0,0,0,31.68,"Cherbourg","Yes"
"114","3rd_class","Female",18,"Teenage",0,0,0,7.28,"Queenstown","Yes"
"115","1st_class","Female",63,"Adult",1,0,1,221.78,"Southampton","Yes"
"116","3rd_class","Male",18,"Teenage",1,0,1,14.45,"Cherbourg","No"
"117","3rd_class","Male",32,"Adult",0,0,0,6.44,"Cherbourg","No"
"118","3rd_class","Female",1,"Kid",1,1,2,16.7,"Southampton","Yes"
"119","1st_class","Male",36,"Adult",0,0,0,75.24,"Cherbourg","No"
"120","2nd_class","Female",29,"Adult",1,0,1,26,"Southampton","Yes"
"121","2nd_class","Female",12,"Kid",0,0,0,15.75,"Southampton","Yes"
"122","3rd_class","Male",30,"Adult",1,0,1,7.75,"Queenstown","No"
"123","1st_class","Female",35,"Adult",1,0,1,57.75,"Cherbourg","Yes"
"124","3rd_class","Male",28,"Adult",0,0,0,7.25,"Southampton","No"
"125","3rd_class","Male",30,"Adult",0,0,0,7.75,"Queenstown","No"
"126","3rd_class","Female",17,"Teenage",0,1,1,16.1,"Southampton","Yes"
"127","3rd_class","Male",22,"Adult",0,0,0,7.8,"Southampton","No"
"128","3rd_class","Female",25,"Adult",2,0,2,23.25,"Queenstown","Yes"
"129","2nd_class","Male",42,"Adult",0,0,0,13,"Southampton","No"
"130","3rd_class","Male",24,"Adult",0,0,0,8.05,"Southampton","No"
"131","3rd_class","Male",32,"Adult",0,0,0,8.05,"Southampton","No"
"132","1st_class","Male",53,"Adult",0,0,0,28.5,"Cherbourg","No"
"133","3rd_class","Female",27,"Adult",0,4,4,25.47,"Southampton","No"
"134","3rd_class","Male",32,"Adult",1,0,1,6.44,"Cherbourg","No"
"135","3rd_class","Male",43,"Adult",0,0,0,7.9,"Southampton","No"
"136","3rd_class","Male",24,"Adult",0,0,0,7.85,"Southampton","No"
"137","3rd_class","Male",26,"Adult",0,0,0,7.22,"Cherbourg","No"
"138","2nd_class","Male",26,"Adult",0,0,0,13,"Southampton","No"
"139","3rd_class","Female",23,"Adult",0,0,0,8.05,"Southampton","No"
"140","3rd_class","Male",40,"Adult",1,6,7,46.9,"Southampton","No"
"141","3rd_class","Female",10,"Kid",5,2,7,46.9,"Southampton","No"
"142","1st_class","Female",33,"Adult",0,0,0,151.55,"Southampton","Yes"
"143","1st_class","Male",61,"Adult",1,3,4,262.38,"Cherbourg","Yes"
"144","2nd_class","Male",28,"Adult",0,0,0,26,"Southampton","No"
"145","1st_class","Male",42,"Adult",0,0,0,26.55,"Southampton","Yes"
"146","3rd_class","Male",31,"Adult",3,0,3,18,"Southampton","No"
"147","1st_class","Male",40,"Adult",0,0,0,51.86,"Southampton","No"
"148","3rd_class","Male",22,"Adult",0,0,0,8.05,"Southampton","No"
"149","1st_class","Male",48,"Adult",0,0,0,26.55,"Southampton","No"
"150","2nd_class","Male",30,"Adult",1,1,2,26,"Southampton","No"
"151","1st_class","Female",23,"Adult",0,1,1,83.16,"Cherbourg","Yes"
"152","3rd_class","Male",28,"Adult",0,0,0,7.9,"Cherbourg","No"
"153","3rd_class","Male",60,"Adult",0,0,0,14.45,"Southampton","No"
"154","3rd_class","Female",36,"Adult",0,2,2,12.18,"Southampton","Yes"
"155","3rd_class","Male",13,"Teenage",4,2,6,31.39,"Southampton","No"
"156","3rd_class","Male",24,"Adult",0,0,0,7.55,"Southampton","No"
"157","1st_class","Female",29,"Adult",0,0,0,221.78,"Southampton","Yes"
"158","3rd_class","Female",23,"Adult",0,0,0,7.85,"Southampton","No"
"159","1st_class","Male",42,"Adult",0,0,0,26.55,"Southampton","Yes"
"160","3rd_class","Female",26,"Adult",0,2,2,13.78,"Southampton","No"
"161","3rd_class","Female",23,"Adult",0,0,0,7.73,"Queenstown","Yes"
"162","3rd_class","Male",7,"Kid",1,1,2,15.25,"Cherbourg","Yes"
"163","2nd_class","Female",26,"Adult",0,0,0,13.5,"Southampton","Yes"
"164","3rd_class","Male",30,"Adult",0,0,0,7,"Southampton","No"
"165","2nd_class","Male",41,"Adult",0,0,0,13,"Southampton","No"
"166","3rd_class","Female",26,"Adult",1,1,2,22.02,"Southampton","No"
"167","1st_class","Male",48,"Adult",0,0,0,50.5,"Cherbourg","No"
"168","3rd_class","Male",18,"Teenage",2,2,4,34.38,"Southampton","No"
"169","1st_class","Female",43,"Adult",0,0,0,27.72,"Cherbourg","Yes"
"170","3rd_class","Female",22,"Adult",0,0,0,8.96,"Southampton","Yes"
"171","3rd_class","Male",30,"Adult",0,0,0,7.55,"Southampton","No"
"172","3rd_class","Male",27,"Adult",0,0,0,7.22,"Cherbourg","No"
"173","3rd_class","Male",23,"Adult",1,0,1,13.9,"Southampton","No"
"174","3rd_class","Male",30,"Adult",0,0,0,7.23,"Cherbourg","No"
"175","3rd_class","Male",40,"Adult",1,5,6,31.39,"Southampton","No"
"176","2nd_class","Female",15,"Teenage",0,2,2,39,"Southampton","Yes"
"177","2nd_class","Female",20,"Adult",0,0,0,36.75,"Southampton","Yes"
"178","1st_class","Male",54,"Adult",1,0,1,55.44,"Cherbourg","No"
"179","2nd_class","Female",36,"Adult",0,3,3,39,"Southampton","Yes"
"180","1st_class","Female",64,"Adult",0,2,2,83.16,"Cherbourg","Yes"
"181","2nd_class","Male",30,"Adult",0,0,0,13,"Southampton","No"
"182","1st_class","Male",37,"Adult",1,1,2,83.16,"Cherbourg","Yes"
"183","1st_class","Female",18,"Teenage",1,0,1,53.1,"Southampton","Yes"
"184","3rd_class","Male",30,"Adult",0,0,0,7.75,"Queenstown","No"
"185","1st_class","Female",27,"Adult",1,1,2,247.52,"Cherbourg","Yes"
"186","2nd_class","Male",40,"Adult",0,0,0,16,"Southampton","No"
"187","2nd_class","Female",21,"Adult",0,1,1,21,"Southampton","Yes"
"188","3rd_class","Male",17,"Teenage",2,0,2,8.05,"Southampton","No"
"189","3rd_class","Female",8,"Kid",8,2,10,69.55,"Southampton","No"
"190","2nd_class","Male",40,"Adult",0,0,0,13,"Southampton","No"
"191","2nd_class","Male",34,"Adult",1,0,1,26,"Southampton","No"
"192","1st_class","Male",48,"Adult",0,0,0,26,"Southampton","No"
"193","3rd_class","Male",12,"Kid",1,1,2,14.5,"Southampton","Yes"
"194","2nd_class","Male",61,"Adult",0,0,0,12.35,"Queenstown","No"
"195","2nd_class","Male",8,"Kid",0,2,2,32.5,"Southampton","Yes"
"196","3rd_class","Male",33,"Adult",0,0,0,7.85,"Southampton","No"
"197","1st_class","Male",6,"Kid",0,2,2,134.5,"Cherbourg","Yes"
"198","3rd_class","Female",18,"Teenage",0,0,0,7.78,"Southampton","Yes"
"199","2nd_class","Male",23,"Adult",0,0,0,10.5,"Southampton","No"
"200","3rd_class","Female",29,"Adult",0,0,0,8.11,"Southampton","No"
"201","3rd_class","Female",24,"Adult",0,0,0,15.5,"Queenstown","Yes"
"202","3rd_class","Male",0,"Kid",0,2,2,14.4,"Southampton","Yes"
"203","1st_class","Male",47,"Adult",1,0,1,227.52,"Cherbourg","No"
"204","2nd_class","Female",8,"Kid",1,1,2,26,"Southampton","Yes"
"205","2nd_class","Male",25,"Adult",0,0,0,10.5,"Southampton","No"
"206","1st_class","Male",45,"Adult",0,0,0,25.74,"Cherbourg","No"
"207","3rd_class","Female",35,"Adult",0,0,0,7.75,"Queenstown","No"
"208","2nd_class","Male",24,"Adult",0,0,0,10.5,"Southampton","No"
"209","1st_class","Female",33,"Adult",0,0,0,27.72,"Cherbourg","Yes"
"210","3rd_class","Male",25,"Adult",0,0,0,7.9,"Southampton","No"
"211","3rd_class","Male",32,"Adult",0,0,0,22.52,"Southampton","No"
"212","3rd_class","Male",30,"Adult",0,0,0,7.05,"Southampton","No"
"213","2nd_class","Male",17,"Teenage",0,0,0,73.5,"Southampton","No"
"214","2nd_class","Female",60,"Adult",1,0,1,26,"Southampton","Yes"
"215","3rd_class","Female",38,"Adult",4,2,6,7.78,"Southampton","No"
"216","1st_class","Male",42,"Adult",0,0,0,42.5,"Southampton","No"
"217","3rd_class","Female",24,"Adult",0,0,0,7.88,"Queenstown","Yes"
"218","1st_class","Male",57,"Adult",1,1,2,164.87,"Southampton","Yes"
"219","1st_class","Female",50,"Adult",1,1,2,211.5,"Cherbourg","Yes"
"220","3rd_class","Male",28,"Adult",0,0,0,8.05,"Southampton","No"
"221","2nd_class","Female",30,"Adult",1,0,1,13.86,"Cherbourg","Yes"
"222","3rd_class","Male",21,"Adult",0,0,0,8.05,"Southampton","No"
"223","2nd_class","Female",22,"Adult",0,0,0,10.5,"Southampton","Yes"
"224","3rd_class","Male",21,"Adult",0,0,0,7.8,"Southampton","No"
"225","1st_class","Female",53,"Adult",0,0,0,27.45,"Cherbourg","Yes"
"226","3rd_class","Female",20,"Adult",0,2,2,15.25,"Cherbourg","Yes"
"227","3rd_class","Male",23,"Adult",0,0,0,7.8,"Southampton","No"
"228","3rd_class","Female",23,"Adult",0,0,0,7.75,"Queenstown","Yes"
"229","3rd_class","Male",40,"Adult",0,0,0,15.1,"Southampton","No"
"230","2nd_class","Male",36,"Adult",0,0,0,13,"Southampton","No"
"231","2nd_class","Male",14,"Teenage",0,0,0,65,"Southampton","No"
"232","1st_class","Female",21,"Adult",0,0,0,26.55,"Southampton","Yes"
"233","3rd_class","Male",21,"Adult",1,0,1,6.5,"Southampton","No"
"234","3rd_class","Male",28,"Adult",0,0,0,7.88,"Queenstown","No"
"235","1st_class","Male",39,"Adult",1,0,1,71.28,"Cherbourg","Yes"
"236","3rd_class","Male",20,"Adult",0,0,0,7.85,"Southampton","No"
"237","1st_class","Male",64,"Adult",1,0,1,75.25,"Cherbourg","Yes"
"238","3rd_class","Male",20,"Adult",0,0,0,7.22,"Cherbourg","No"
"239","2nd_class","Female",18,"Teenage",1,1,2,13,"Southampton","Yes"
"240","1st_class","Female",48,"Adult",1,0,1,106.42,"Cherbourg","Yes"
"241","1st_class","Female",55,"Adult",0,0,0,27.72,"Cherbourg","Yes"
"242","2nd_class","Female",45,"Adult",0,2,2,30,"Southampton","Yes"
"243","1st_class","Male",45,"Adult",1,1,2,134.5,"Cherbourg","Yes"
"244","3rd_class","Male",28,"Adult",0,0,0,7.89,"Southampton","No"
"245","3rd_class","Male",28,"Adult",1,2,3,23.45,"Southampton","No"
"246","1st_class","Male",41,"Adult",1,0,1,51.86,"Southampton","No"
"247","2nd_class","Female",22,"Adult",0,0,0,21,"Southampton","Yes"
"248","2nd_class","Male",42,"Adult",1,1,2,32.5,"Southampton","No"
"249","2nd_class","Female",29,"Adult",1,0,1,26,"Southampton","Yes"
"250","3rd_class","Female",22,"Adult",1,0,1,14.45,"Cherbourg","No"
"251","2nd_class","Female",1,"Kid",1,2,3,27.75,"Southampton","Yes"
"252","3rd_class","Male",20,"Adult",0,0,0,7.92,"Southampton","No"
"253","1st_class","Male",27,"Adult",1,0,1,136.78,"Cherbourg","Yes"
"254","3rd_class","Male",24,"Adult",0,0,0,9.32,"Southampton","No"
"255","3rd_class","Male",32,"Adult",0,0,0,9.5,"Southampton","No"
"256","3rd_class","Male",30,"Adult",0,0,0,7.55,"Southampton","No"
"257","3rd_class","Male",30,"Adult",0,0,0,7.75,"Queenstown","No"
"258","3rd_class","Male",28,"Adult",0,0,0,8.05,"Southampton","No"
"259","2nd_class","Female",19,"Teenage",0,0,0,13,"Southampton","Yes"
"260","3rd_class","Male",21,"Adult",0,0,0,7.78,"Southampton","No"
"261","3rd_class","Male",36,"Adult",1,0,1,17.4,"Southampton","No"
"262","3rd_class","Male",21,"Adult",0,0,0,7.85,"Southampton","No"
"263","2nd_class","Female",29,"Adult",0,2,2,23,"Southampton","Yes"
"264","3rd_class","Female",1,"Kid",1,1,2,12.18,"Southampton","Yes"
"265","2nd_class","Male",30,"Adult",0,0,0,12.74,"Cherbourg","No"
"266","3rd_class","Male",28,"Adult",0,0,0,7.9,"Southampton","No"
"267","1st_class","Male",46,"Adult",0,0,0,0,"Southampton","No"
"268","3rd_class","Male",30,"Adult",0,0,0,7.55,"Southampton","No"
"269","3rd_class","Female",29,"Adult",0,0,0,8.05,"Southampton","No"
"270","3rd_class","Male",17,"Teenage",0,0,0,8.66,"Southampton","No"
"271","1st_class","Male",46,"Adult",0,0,0,75.24,"Cherbourg","No"
"272","3rd_class","Male",30,"Adult",0,0,0,7.75,"Queenstown","No"
"273","1st_class","Female",26,"Adult",1,0,1,136.78,"Cherbourg","Yes"
"274","3rd_class","Female",24,"Adult",1,0,1,15.5,"Queenstown","Yes"
"275","3rd_class","Male",30,"Adult",0,0,0,7.22,"Cherbourg","No"
"276","2nd_class","Female",20,"Adult",1,0,1,26,"Southampton","Yes"
"277","2nd_class","Male",28,"Adult",0,0,0,10.5,"Southampton","No"
"278","2nd_class","Male",40,"Adult",1,0,1,26,"Southampton","No"
"279","2nd_class","Male",30,"Adult",1,0,1,21,"Southampton","No"
"280","2nd_class","Male",22,"Adult",0,0,0,10.5,"Southampton","No"
"281","3rd_class","Female",23,"Adult",0,0,0,8.66,"Southampton","No"
"282","3rd_class","Male",1,"Kid",1,1,2,13.78,"Southampton","Yes"
"283","3rd_class","Female",23,"Adult",0,0,0,7.75,"Queenstown","Yes"
"284","3rd_class","Female",9,"Kid",1,1,2,15.25,"Cherbourg","Yes"
"285","3rd_class","Female",2,"Kid",1,1,2,20.21,"Southampton","Yes"
"286","3rd_class","Male",36,"Adult",0,0,0,7.25,"Southampton","No"
"287","3rd_class","Male",30,"Adult",0,0,0,7.25,"Southampton","No"
"288","1st_class","Male",24,"Adult",1,0,1,82.27,"Southampton","No"
"289","3rd_class","Male",30,"Adult",0,0,0,7.23,"Cherbourg","No"
"290","3rd_class","Male",28,"Adult",0,0,0,8.05,"Southampton","No"
"291","1st_class","Male",42,"Adult",0,0,0,39.6,"Southampton","Yes"
"292","3rd_class","Female",30,"Adult",0,0,0,6.95,"Queenstown","Yes"
"293","3rd_class","Male",30,"Adult",0,0,0,7.23,"Cherbourg","No"
"294","1st_class","Male",53,"Adult",1,1,2,81.86,"Southampton","No"
"295","3rd_class","Male",36,"Adult",0,0,0,9.5,"Southampton","No"
"296","3rd_class","Male",26,"Adult",0,0,0,7.9,"Southampton","No"
"297","2nd_class","Female",1,"Kid",1,2,3,41.58,"Cherbourg","Yes"
"298","3rd_class","Male",28,"Adult",2,0,2,21.68,"Cherbourg","No"
"299","1st_class","Male",30,"Adult",0,0,0,45.5,"Southampton","Yes"
"300","3rd_class","Male",29,"Adult",0,0,0,7.85,"Southampton","No"
"301","3rd_class","Male",32,"Adult",0,0,0,7.78,"Southampton","No"
"302","2nd_class","Male",33,"Adult",0,0,0,15.05,"Cherbourg","No"
"303","2nd_class","Male",43,"Adult",0,1,1,21,"Southampton","No"
"304","3rd_class","Male",24,"Adult",0,0,0,8.66,"Southampton","No"
"305","3rd_class","Female",23,"Adult",0,0,0,7.75,"Queenstown","Yes"
"306","1st_class","Female",64,"Adult",1,1,2,26.55,"Southampton","Yes"
"307","1st_class","Male",30,"Adult",1,2,3,151.55,"Southampton","Yes"
"308","3rd_class","Male",1,"Kid",0,1,1,9.35,"Southampton","Yes"
"309","1st_class","Male",55,"Adult",1,1,2,93.5,"Southampton","No"
"310","3rd_class","Female",45,"Adult",1,0,1,14.11,"Southampton","No"
"311","3rd_class","Male",18,"Teenage",0,0,0,8.66,"Southampton","No"
"312","3rd_class","Male",22,"Adult",0,0,0,7.22,"Cherbourg","No"
"313","3rd_class","Male",30,"Adult",0,0,0,7.58,"Southampton","No"
"314","3rd_class","Female",37,"Adult",0,0,0,7.75,"Queenstown","Yes"
"315","1st_class","Female",55,"Adult",0,0,0,135.63,"Cherbourg","Yes"
"316","3rd_class","Female",17,"Teenage",0,0,0,7.73,"Queenstown","Yes"
"317","1st_class","Male",57,"Adult",1,0,1,146.52,"Cherbourg","Yes"
"318","2nd_class","Male",19,"Teenage",0,0,0,10.5,"Southampton","No"
"319","3rd_class","Male",27,"Adult",0,0,0,7.85,"Southampton","No"
"320","2nd_class","Male",22,"Adult",2,0,2,31.5,"Southampton","No"
"321","3rd_class","Male",26,"Adult",0,0,0,7.78,"Southampton","No"
"322","3rd_class","Male",25,"Adult",0,0,0,7.23,"Cherbourg","No"
"323","2nd_class","Male",26,"Adult",0,0,0,13,"Southampton","No"
"324","1st_class","Male",33,"Adult",0,0,0,26.55,"Southampton","Yes"
"325","1st_class","Female",39,"Adult",0,0,0,211.34,"Southampton","Yes"
"326","3rd_class","Male",23,"Adult",0,0,0,7.05,"Southampton","No"
"327","2nd_class","Female",12,"Kid",2,1,3,39,"Southampton","Yes"
"328","1st_class","Male",46,"Adult",0,0,0,79.2,"Cherbourg","No"
"329","2nd_class","Male",29,"Adult",1,0,1,26,"Southampton","No"
"330","2nd_class","Male",21,"Adult",0,0,0,13,"Southampton","No"
"331","2nd_class","Female",48,"Adult",0,2,2,36.75,"Southampton","Yes"
"332","1st_class","Male",39,"Adult",0,0,0,29.7,"Cherbourg","No"
"333","3rd_class","Male",30,"Adult",0,0,0,7.22,"Cherbourg","No"
"334","3rd_class","Female",19,"Teenage",1,1,2,15.74,"Cherbourg","Yes"
"335","3rd_class","Male",27,"Adult",0,0,0,7.9,"Southampton","No"
"336","1st_class","Male",30,"Adult",0,0,0,26,"Southampton","Yes"
"337","2nd_class","Male",32,"Adult",0,0,0,13,"Southampton","No"
"338","3rd_class","Male",39,"Adult",0,2,2,7.23,"Cherbourg","No"
"339","2nd_class","Male",25,"Adult",0,0,0,31.5,"Southampton","No"
"340","3rd_class","Male",30,"Adult",0,0,0,7.23,"Cherbourg","No"
"341","2nd_class","Male",18,"Teenage",0,0,0,10.5,"Southampton","No"
"342","3rd_class","Male",32,"Adult",0,0,0,7.58,"Southampton","No"
"343","3rd_class","Male",34,"Adult",1,9,10,69.55,"Southampton","No"
"344","1st_class","Female",58,"Adult",0,1,1,512.33,"Cherbourg","Yes"
"345","3rd_class","Male",25,"Adult",1,1,2,14.5,"Southampton","No"
"346","3rd_class","Female",16,"Teenage",0,0,0,7.65,"Southampton","Yes"
"347","2nd_class","Male",26,"Adult",0,0,0,13,"Southampton","No"
"348","3rd_class","Female",38,"Adult",0,0,0,7.23,"Cherbourg","No"
"349","2nd_class","Male",24,"Adult",0,0,0,13.5,"Southampton","No"
"350","2nd_class","Female",31,"Adult",0,0,0,21,"Southampton","Yes"
"351","1st_class","Female",45,"Adult",0,1,1,63.36,"Cherbourg","Yes"
"352","2nd_class","Male",25,"Adult",0,0,0,10.5,"Southampton","No"
"353","2nd_class","Male",18,"Teenage",0,0,0,73.5,"Southampton","No"
"354","2nd_class","Male",49,"Adult",1,2,3,65,"Southampton","No"
"355","3rd_class","Female",0,"Kid",1,2,3,20.58,"Southampton","Yes"
"356","1st_class","Male",50,"Adult",0,0,0,26,"Southampton","No"
"357","1st_class","Female",59,"Adult",2,0,2,51.48,"Southampton","Yes"
"358","3rd_class","Male",28,"Adult",0,0,0,7.88,"Southampton","No"
"359","3rd_class","Male",30,"Adult",0,0,0,7.75,"Queenstown","No"
"360","3rd_class","Female",30,"Adult",1,0,1,15.55,"Southampton","Yes"
"361","3rd_class","Male",14,"Teenage",8,2,10,69.55,"Southampton","No"
"362","2nd_class","Female",24,"Adult",1,1,2,37,"Cherbourg","Yes"
"363","2nd_class","Female",31,"Adult",0,0,0,21,"Southampton","Yes"
"364","3rd_class","Male",27,"Adult",0,0,0,8.66,"Southampton","No"
"365","1st_class","Female",25,"Adult",1,0,1,55.44,"Cherbourg","Yes"
"366","3rd_class","Female",28,"Adult",1,9,10,69.55,"Southampton","No"
"367","3rd_class","Male",28,"Adult",1,0,1,14.46,"Cherbourg","No"
"368","3rd_class","Female",22,"Adult",0,0,0,39.69,"Southampton","No"
"369","1st_class","Female",45,"Adult",0,1,1,59.4,"Cherbourg","Yes"
"370","2nd_class","Male",29,"Adult",0,0,0,13.86,"Cherbourg","No"
"371","2nd_class","Male",21,"Adult",1,0,1,11.5,"Southampton","No"
"372","1st_class","Female",31,"Adult",0,0,0,134.5,"Cherbourg","Yes"
"373","1st_class","Male",49,"Adult",0,0,0,0,"Southampton","No"
"374","2nd_class","Male",44,"Adult",0,0,0,13,"Southampton","No"
"375","1st_class","Female",54,"Adult",1,1,2,81.86,"Southampton","Yes"
"376","1st_class","Female",45,"Adult",0,0,0,262.38,"Cherbourg","Yes"
"377","3rd_class","Female",22,"Adult",2,0,2,8.66,"Southampton","No"
"378","2nd_class","Male",21,"Adult",0,0,0,11.5,"Southampton","No"
"379","1st_class","Male",55,"Adult",0,0,0,50,"Southampton","No"
"380","3rd_class","Male",5,"Kid",4,2,6,31.39,"Southampton","No"
"381","3rd_class","Male",30,"Adult",0,0,0,7.75,"Queenstown","No"
"382","3rd_class","Male",26,"Adult",0,0,0,7.88,"Queenstown","No"
"383","3rd_class","Female",29,"Adult",0,0,0,14.5,"Southampton","No"
"384","3rd_class","Female",19,"Teenage",1,0,1,16.1,"Southampton","Yes"
"385","2nd_class","Male",33,"Adult",0,0,0,12.88,"Southampton","No"
"386","2nd_class","Female",24,"Adult",1,2,3,65,"Southampton","Yes"
"387","3rd_class","Male",24,"Adult",0,0,0,7.78,"Southampton","No"
"388","2nd_class","Male",57,"Adult",0,0,0,13,"Southampton","No"
"389","3rd_class","Male",21,"Adult",0,0,0,7.75,"Queenstown","No"
"390","3rd_class","Male",6,"Kid",3,1,4,21.08,"Southampton","No"
"391","1st_class","Male",23,"Adult",0,0,0,93.5,"Southampton","No"
"392","1st_class","Female",51,"Adult",0,1,1,39.4,"Southampton","Yes"
"393","3rd_class","Male",13,"Teenage",0,2,2,20.25,"Southampton","No"
"394","2nd_class","Male",47,"Adult",0,0,0,10.5,"Southampton","No"
"395","3rd_class","Male",29,"Adult",3,1,4,22.02,"Southampton","No"
"396","1st_class","Female",18,"Teenage",1,0,1,60,"Southampton","Yes"
"397","3rd_class","Male",24,"Adult",0,0,0,7.25,"Queenstown","No"
"398","1st_class","Female",48,"Adult",1,1,2,79.2,"Cherbourg","Yes"
"399","3rd_class","Male",22,"Adult",0,0,0,7.78,"Southampton","No"
"400","3rd_class","Male",31,"Adult",0,0,0,7.73,"Queenstown","No"
"401","1st_class","Female",30,"Adult",0,0,0,164.87,"Southampton","Yes"
"402","2nd_class","Male",38,"Adult",1,0,1,21,"Southampton","No"
"403","1st_class","Female",22,"Adult",0,1,1,59.4,"Cherbourg","Yes"
"404","1st_class","Male",17,"Teenage",0,0,0,47.1,"Southampton","No"
"405","1st_class","Male",43,"Adult",1,0,1,27.72,"Cherbourg","Yes"
"406","2nd_class","Male",20,"Adult",0,0,0,13.86,"Cherbourg","No"
"407","2nd_class","Male",23,"Adult",1,0,1,10.5,"Southampton","No"
"408","1st_class","Male",50,"Adult",1,1,2,211.5,"Cherbourg","No"
"409","3rd_class","Female",23,"Adult",0,0,0,7.72,"Queenstown","Yes"
"410","3rd_class","Female",3,"Kid",1,1,2,13.78,"Southampton","Yes"
"411","3rd_class","Female",23,"Adult",0,0,0,7.75,"Queenstown","Yes"
"412","1st_class","Female",37,"Adult",1,0,1,90,"Queenstown","Yes"
"413","3rd_class","Female",28,"Adult",0,0,0,7.78,"Southampton","No"
"414","3rd_class","Male",28,"Adult",0,0,0,8.05,"Southampton","No"
"415","1st_class","Female",39,"Adult",0,0,0,108.9,"Cherbourg","Yes"
"416","3rd_class","Male",38,"Adult",0,0,0,7.25,"Southampton","No"
"417","3rd_class","Male",28,"Adult",0,0,0,8.05,"Southampton","No"
"418","3rd_class","Male",26,"Adult",1,1,2,22.36,"Cherbourg","No"
"419","3rd_class","Male",22,"Adult",1,0,1,7.25,"Southampton","No"
"420","1st_class","Female",38,"Adult",1,0,1,71.28,"Cherbourg","Yes"
"421","3rd_class","Female",26,"Adult",0,0,0,7.92,"Southampton","Yes"
"422","1st_class","Female",35,"Adult",1,0,1,53.1,"Southampton","Yes"
"423","3rd_class","Male",35,"Adult",0,0,0,8.05,"Southampton","No"
"424","3rd_class","Male",28,"Adult",0,0,0,8.46,"Queenstown","No"
"425","1st_class","Male",54,"Adult",0,0,0,51.86,"Southampton","No"
"426","3rd_class","Male",2,"Kid",3,1,4,21.08,"Southampton","No"
"427","3rd_class","Female",27,"Adult",0,2,2,11.13,"Southampton","Yes"
"428","2nd_class","Female",14,"Teenage",1,0,1,30.07,"Cherbourg","Yes"
"429","3rd_class","Female",4,"Kid",1,1,2,16.7,"Southampton","Yes"
"430","1st_class","Female",58,"Adult",0,0,0,26.55,"Southampton","Yes"
"431","3rd_class","Male",20,"Adult",0,0,0,8.05,"Southampton","No"
"432","3rd_class","Male",39,"Adult",1,5,6,31.27,"Southampton","No"
"433","3rd_class","Female",14,"Teenage",0,0,0,7.85,"Southampton","No"
"434","2nd_class","Female",55,"Adult",0,0,0,16,"Southampton","Yes"
"435","3rd_class","Male",2,"Kid",4,1,5,29.12,"Queenstown","No"
"436","2nd_class","Male",30,"Adult",0,0,0,13,"Southampton","Yes"
"437","3rd_class","Female",31,"Adult",1,0,1,18,"Southampton","No"
"438","3rd_class","Female",22,"Adult",0,0,0,7.22,"Cherbourg","Yes"
"439","2nd_class","Male",35,"Adult",0,0,0,26,"Southampton","No"
"440","2nd_class","Male",34,"Adult",0,0,0,13,"Southampton","Yes"
"441","3rd_class","Female",15,"Teenage",0,0,0,8.03,"Queenstown","Yes"
"442","1st_class","Male",28,"Adult",0,0,0,35.5,"Southampton","Yes"
"443","3rd_class","Female",8,"Kid",3,1,4,21.08,"Southampton","No"
"444","3rd_class","Female",38,"Adult",1,5,6,31.39,"Southampton","Yes"
"445","3rd_class","Male",30,"Adult",0,0,0,7.22,"Cherbourg","No"
"446","1st_class","Male",19,"Teenage",3,2,5,263,"Southampton","No"
"447","3rd_class","Female",24,"Adult",0,0,0,7.88,"Queenstown","Yes"
"448","3rd_class","Male",28,"Adult",0,0,0,7.9,"Southampton","No"
"449","1st_class","Male",40,"Adult",0,0,0,27.72,"Cherbourg","No"
"450","1st_class","Female",36,"Adult",1,0,1,146.52,"Cherbourg","Yes"
"451","3rd_class","Female",23,"Adult",0,0,0,7.75,"Queenstown","Yes"
"452","2nd_class","Male",66,"Elder",0,0,0,10.5,"Southampton","No"
"453","1st_class","Male",28,"Adult",1,0,1,82.17,"Cherbourg","No"
"454","1st_class","Male",42,"Adult",1,0,1,52,"Southampton","No"
"455","3rd_class","Male",23,"Adult",0,0,0,7.23,"Cherbourg","Yes"
"456","3rd_class","Male",21,"Adult",0,0,0,8.05,"Southampton","No"
"457","3rd_class","Female",18,"Teenage",2,0,2,18,"Southampton","No"
"458","3rd_class","Female",14,"Teenage",1,0,1,11.24,"Cherbourg","Yes"
"459","3rd_class","Female",40,"Adult",1,0,1,9.47,"Southampton","No"
"460","2nd_class","Female",27,"Adult",1,0,1,21,"Southampton","No"
"461","3rd_class","Male",28,"Adult",0,0,0,7.9,"Cherbourg","No"
"462","2nd_class","Female",3,"Kid",1,2,3,41.58,"Cherbourg","Yes"
"463","3rd_class","Female",19,"Teenage",0,0,0,7.88,"Queenstown","Yes"
"464","3rd_class","Male",28,"Adult",0,0,0,8.05,"Southampton","No"
"465","3rd_class","Male",28,"Adult",1,0,1,15.5,"Queenstown","No"
"466","3rd_class","Female",23,"Adult",0,0,0,7.75,"Queenstown","Yes"
"467","3rd_class","Male",28,"Adult",2,0,2,21.68,"Cherbourg","No"
"468","3rd_class","Female",18,"Teenage",1,0,1,17.8,"Southampton","No"
"469","3rd_class","Male",7,"Kid",4,1,5,39.69,"Southampton","No"
"470","3rd_class","Male",21,"Adult",0,0,0,7.8,"Southampton","No"
"471","1st_class","Female",49,"Adult",1,0,1,76.73,"Cherbourg","Yes"
"472","2nd_class","Female",29,"Adult",1,0,1,26,"Southampton","Yes"
"473","1st_class","Male",65,"Adult",0,1,1,61.98,"Cherbourg","No"
"474","1st_class","Male",42,"Adult",0,0,0,35.5,"Southampton","Yes"
"475","2nd_class","Female",21,"Adult",0,0,0,10.5,"Southampton","Yes"
"476","3rd_class","Male",28,"Adult",0,0,0,7.23,"Cherbourg","No"
"477","2nd_class","Female",5,"Kid",1,2,3,27.75,"Southampton","Yes"
"478","3rd_class","Male",11,"Kid",5,2,7,46.9,"Southampton","No"
"479","3rd_class","Male",22,"Adult",0,0,0,7.23,"Cherbourg","No"
"480","1st_class","Female",38,"Adult",0,0,0,80,"Southampton","Yes"
"481","1st_class","Male",45,"Adult",1,0,1,83.47,"Southampton","No"
"482","3rd_class","Male",4,"Kid",3,2,5,27.9,"Southampton","No"
"483","1st_class","Male",48,"Adult",0,0,0,27.72,"Cherbourg","No"
"484","3rd_class","Male",6,"Kid",1,1,2,15.25,"Cherbourg","Yes"
"485","2nd_class","Female",29,"Adult",0,0,0,10.5,"Southampton","Yes"
"486","3rd_class","Male",19,"Teenage",0,0,0,8.16,"Southampton","No"
"487","3rd_class","Female",17,"Teenage",4,2,6,7.92,"Southampton","Yes"
"488","3rd_class","Male",26,"Adult",2,0,2,8.66,"Southampton","No"
"489","2nd_class","Male",32,"Adult",0,0,0,10.5,"Southampton","No"
"490","3rd_class","Female",16,"Teenage",5,2,7,46.9,"Southampton","No"
"491","2nd_class","Male",21,"Adult",0,0,0,73.5,"Southampton","No"
"492","3rd_class","Male",26,"Adult",1,0,1,14.45,"Cherbourg","No"
"493","3rd_class","Male",32,"Adult",0,0,0,56.5,"Southampton","Yes"
"494","3rd_class","Male",25,"Adult",0,0,0,7.65,"Southampton","No"
"495","3rd_class","Male",28,"Adult",0,0,0,7.9,"Southampton","No"
"496","3rd_class","Male",28,"Adult",0,0,0,8.05,"Southampton","No"
"497","2nd_class","Male",1,"Kid",0,2,2,29,"Southampton","Yes"
"498","3rd_class","Female",30,"Adult",0,0,0,12.47,"Southampton","Yes"
"499","3rd_class","Male",22,"Adult",0,0,0,9,"Southampton","No"
"500","3rd_class","Male",29,"Adult",0,0,0,9.5,"Southampton","Yes"
"501","3rd_class","Female",24,"Adult",0,0,0,7.79,"Queenstown","Yes"
"502","1st_class","Male",28,"Adult",0,0,0,47.1,"Southampton","No"
"503","2nd_class","Female",17,"Teenage",0,0,0,10.5,"Southampton","Yes"
"504","3rd_class","Female",33,"Adult",3,0,3,15.85,"Southampton","Yes"
"505","3rd_class","Male",16,"Teenage",1,3,4,34.38,"Southampton","No"
"506","3rd_class","Male",28,"Adult",0,0,0,8.05,"Southampton","No"
"507","1st_class","Female",23,"Adult",3,2,5,263,"Southampton","Yes"
"508","3rd_class","Male",24,"Adult",0,0,0,8.05,"Southampton","No"
"509","3rd_class","Male",29,"Adult",0,0,0,8.05,"Southampton","No"
"510","3rd_class","Male",20,"Adult",0,0,0,7.85,"Southampton","No"
"511","1st_class","Male",46,"Adult",1,0,1,61.17,"Southampton","No"
"512","3rd_class","Male",26,"Adult",1,2,3,20.58,"Southampton","No"
"513","3rd_class","Male",59,"Adult",0,0,0,7.25,"Southampton","No"
"514","3rd_class","Male",28,"Adult",0,0,0,8.05,"Southampton","No"
"515","1st_class","Male",71,"Elder",0,0,0,34.65,"Cherbourg","No"
"516","1st_class","Male",23,"Adult",0,1,1,63.36,"Cherbourg","Yes"
"517","2nd_class","Female",34,"Adult",0,1,1,23,"Southampton","Yes"
"518","2nd_class","Male",34,"Adult",1,0,1,26,"Southampton","No"
"519","3rd_class","Female",28,"Adult",0,0,0,7.9,"Southampton","No"
"520","3rd_class","Male",28,"Adult",0,0,0,7.9,"Southampton","No"
"521","1st_class","Male",21,"Adult",0,1,1,77.29,"Southampton","No"
"522","3rd_class","Male",33,"Adult",0,0,0,8.65,"Southampton","No"
"523","3rd_class","Male",37,"Adult",2,0,2,7.92,"Southampton","No"
"524","3rd_class","Male",28,"Adult",0,0,0,7.9,"Southampton","No"
"525","3rd_class","Female",21,"Adult",0,0,0,7.65,"Southampton","Yes"
"526","3rd_class","Male",28,"Adult",0,0,0,7.78,"Southampton","Yes"
"527","3rd_class","Male",38,"Adult",0,0,0,7.9,"Southampton","No"
"528","3rd_class","Female",24,"Adult",1,0,1,24.15,"Queenstown","Yes"
"529","1st_class","Male",47,"Adult",0,0,0,52,"Southampton","No"
"530","3rd_class","Female",14,"Teenage",1,0,1,14.45,"Cherbourg","No"
"531","3rd_class","Male",22,"Adult",0,0,0,8.05,"Southampton","No"
"532","3rd_class","Female",20,"Adult",1,0,1,9.82,"Southampton","No"
"533","3rd_class","Female",17,"Teenage",0,0,0,14.46,"Cherbourg","No"
"534","3rd_class","Male",21,"Adult",0,0,0,7.92,"Southampton","No"
"535","3rd_class","Male",70,"Elder",0,0,0,7.75,"Queenstown","No"
"536","2nd_class","Male",29,"Adult",1,0,1,21,"Southampton","No"
"537","1st_class","Male",24,"Adult",0,1,1,247.52,"Cherbourg","No"
"538","3rd_class","Female",2,"Kid",4,2,6,31.27,"Southampton","No"
"539","2nd_class","Male",21,"Adult",2,0,2,73.5,"Southampton","No"
"540","3rd_class","Male",28,"Adult",0,0,0,8.05,"Southampton","No"
"541","2nd_class","Male",32,"Adult",1,0,1,30.07,"Cherbourg","No"
"542","2nd_class","Female",32,"Adult",0,0,0,13,"Southampton","Yes"
"543","1st_class","Male",54,"Adult",0,1,1,77.29,"Southampton","No"
"544","3rd_class","Male",12,"Kid",1,0,1,11.24,"Cherbourg","Yes"
"545","3rd_class","Male",30,"Adult",0,0,0,7.75,"Queenstown","No"
"546","3rd_class","Male",24,"Adult",0,0,0,7.14,"Southampton","Yes"
"547","3rd_class","Female",20,"Adult",1,1,2,22.36,"Cherbourg","Yes"
"548","3rd_class","Male",45,"Adult",0,0,0,6.97,"Southampton","No"
"549","3rd_class","Male",33,"Adult",0,0,0,7.9,"Cherbourg","No"
"550","3rd_class","Male",20,"Adult",0,0,0,7.05,"Southampton","No"
"551","3rd_class","Female",47,"Adult",1,0,1,14.5,"Southampton","No"
"552","2nd_class","Female",29,"Adult",1,0,1,26,"Southampton","Yes"
"553","2nd_class","Male",25,"Adult",0,0,0,13,"Southampton","No"
"554","2nd_class","Male",23,"Adult",0,0,0,15.05,"Cherbourg","No"
"555","1st_class","Female",19,"Teenage",0,2,2,26.28,"Southampton","Yes"
"556","1st_class","Male",37,"Adult",1,0,1,53.1,"Southampton","No"
"557","3rd_class","Male",16,"Teenage",0,0,0,9.22,"Southampton","No"
"558","1st_class","Male",24,"Adult",0,0,0,79.2,"Cherbourg","No"
"559","3rd_class","Female",29,"Adult",0,2,2,15.25,"Cherbourg","No"
"560","3rd_class","Female",22,"Adult",0,0,0,7.75,"Southampton","Yes"
"561","3rd_class","Female",24,"Adult",1,0,1,15.85,"Southampton","Yes"
"562","3rd_class","Male",19,"Teenage",0,0,0,6.75,"Queenstown","No"
"563","2nd_class","Male",18,"Teenage",0,0,0,11.5,"Southampton","No"
"564","2nd_class","Male",19,"Teenage",1,1,2,36.75,"Southampton","No"
"565","3rd_class","Male",27,"Adult",0,0,0,7.8,"Southampton","Yes"
"566","3rd_class","Female",9,"Kid",2,2,4,34.38,"Southampton","No"
"567","2nd_class","Male",36,"Adult",0,2,2,26,"Southampton","No"
"568","2nd_class","Male",42,"Adult",0,0,0,13,"Southampton","No"
"569","2nd_class","Male",51,"Adult",0,0,0,12.53,"Southampton","No"
"570","1st_class","Female",22,"Adult",1,0,1,66.6,"Southampton","Yes"
"571","3rd_class","Male",56,"Adult",0,0,0,8.05,"Southampton","No"
"572","3rd_class","Male",40,"Adult",0,2,2,14.5,"Southampton","No"
"573","3rd_class","Male",30,"Adult",0,0,0,7.31,"Southampton","No"
"574","1st_class","Male",51,"Adult",0,1,1,61.38,"Cherbourg","No"
"575","3rd_class","Female",16,"Teenage",0,0,0,7.73,"Queenstown","Yes"
"576","3rd_class","Male",30,"Adult",0,0,0,8.05,"Southampton","No"
"577","3rd_class","Male",28,"Adult",0,0,0,8.66,"Southampton","No"
"578","3rd_class","Male",8,"Kid",8,2,10,69.55,"Southampton","No"
"579","3rd_class","Male",44,"Adult",0,1,1,16.1,"Southampton","No"
"580","2nd_class","Female",40,"Adult",0,0,0,15.75,"Southampton","Yes"
"581","3rd_class","Male",26,"Adult",0,0,0,7.78,"Southampton","No"
"582","3rd_class","Male",17,"Teenage",0,0,0,8.66,"Southampton","No"
"583","3rd_class","Male",1,"Kid",4,1,5,39.69,"Southampton","No"
"584","3rd_class","Male",9,"Kid",0,2,2,20.52,"Southampton","Yes"
"585","1st_class","Female",37,"Adult",0,1,1,55,"Southampton","Yes"
"586","3rd_class","Female",45,"Adult",1,4,5,27.9,"Southampton","No"
"587","1st_class","Male",48,"Adult",0,0,0,25.92,"Southampton","No"
"588","3rd_class","Male",28,"Adult",0,0,0,56.5,"Southampton","No"
"589","1st_class","Male",61,"Adult",0,0,0,33.5,"Southampton","No"
"590","3rd_class","Male",4,"Kid",4,1,5,29.12,"Queenstown","No"
"591","3rd_class","Female",1,"Kid",1,1,2,11.13,"Southampton","Yes"
"592","3rd_class","Male",21,"Adult",0,0,0,7.92,"Southampton","No"
"593","1st_class","Male",56,"Adult",0,0,0,30.7,"Cherbourg","No"
"594","3rd_class","Male",18,"Teenage",1,1,2,7.85,"Southampton","No"
"595","3rd_class","Male",8,"Kid",3,1,4,25.47,"Southampton","No"
"596","1st_class","Female",50,"Adult",0,0,0,28.71,"Cherbourg","No"
"597","2nd_class","Male",30,"Adult",0,0,0,13,"Southampton","No"
"598","3rd_class","Male",36,"Adult",0,0,0,0,"Southampton","No"
"599","3rd_class","Female",8,"Kid",8,2,10,69.55,"Southampton","No"
"600","2nd_class","Male",33,"Adult",0,0,0,15.05,"Cherbourg","No"
"601","3rd_class","Male",9,"Kid",4,2,6,31.39,"Southampton","No"
"602","2nd_class","Male",1,"Kid",2,1,3,39,"Southampton","Yes"
"603","3rd_class","Female",4,"Kid",0,2,2,22.02,"Southampton","Yes"
"604","1st_class","Male",40,"Adult",0,0,0,50,"Southampton","No"
"605","3rd_class","Female",24,"Adult",1,0,1,15.5,"Queenstown","Yes"
"606","1st_class","Male",45,"Adult",0,0,0,26.55,"Southampton","Yes"
"607","3rd_class","Male",40,"Adult",1,1,2,15.5,"Queenstown","No"
"608","3rd_class","Male",36,"Adult",0,0,0,7.9,"Southampton","No"
"609","2nd_class","Female",32,"Adult",0,0,0,13,"Southampton","Yes"
"610","2nd_class","Male",19,"Teenage",0,0,0,13,"Southampton","No"
"611","3rd_class","Female",19,"Teenage",1,0,1,7.85,"Southampton","Yes"
"612","2nd_class","Male",3,"Kid",1,1,2,26,"Southampton","Yes"
"613","1st_class","Female",44,"Adult",0,0,0,27.72,"Cherbourg","Yes"
"614","1st_class","Female",58,"Adult",0,0,0,146.52,"Cherbourg","Yes"
"615","3rd_class","Male",30,"Adult",0,0,0,7.75,"Queenstown","No"
"616","3rd_class","Male",42,"Adult",0,1,1,8.4,"Southampton","No"
"617","3rd_class","Female",23,"Adult",0,0,0,7.75,"Queenstown","Yes"
"618","2nd_class","Female",24,"Adult",0,0,0,13,"Southampton","No"
"619","3rd_class","Male",28,"Adult",0,0,0,9.5,"Southampton","No"
"620","3rd_class","Male",8,"Kid",8,2,10,69.55,"Southampton","No"
"621","3rd_class","Male",34,"Adult",0,0,0,6.5,"Southampton","No"
"622","3rd_class","Male",46,"Adult",0,0,0,7.22,"Cherbourg","No"
"623","3rd_class","Male",18,"Teenage",0,0,0,8.05,"Southampton","Yes"
"624","3rd_class","Female",2,"Kid",0,1,1,10.46,"Southampton","No"
"625","3rd_class","Male",32,"Adult",1,0,1,15.85,"Southampton","No"
"626","3rd_class","Male",26,"Adult",0,0,0,18.79,"Cherbourg","Yes"
"627","3rd_class","Female",16,"Teenage",0,0,0,7.75,"Queenstown","Yes"
"628","1st_class","Male",40,"Adult",0,0,0,31,"Cherbourg","Yes"
"629","3rd_class","Male",24,"Adult",0,0,0,7.05,"Southampton","No"
"630","2nd_class","Female",35,"Adult",0,0,0,21,"Southampton","Yes"
"631","3rd_class","Male",22,"Adult",0,0,0,7.25,"Southampton","No"
"632","2nd_class","Male",30,"Adult",0,0,0,13,"Southampton","No"
"633","3rd_class","Male",30,"Adult",1,0,1,7.75,"Queenstown","No"
"634","1st_class","Female",31,"Adult",1,0,1,113.28,"Cherbourg","Yes"
"635","3rd_class","Female",27,"Adult",0,0,0,7.92,"Southampton","Yes"
"636","2nd_class","Male",42,"Adult",1,0,1,27,"Southampton","No"
"637","1st_class","Female",32,"Adult",0,0,0,76.29,"Cherbourg","Yes"
"638","2nd_class","Male",30,"Adult",0,0,0,10.5,"Southampton","No"
"639","3rd_class","Male",16,"Teenage",0,0,0,8.05,"Southampton","Yes"
"640","2nd_class","Male",27,"Adult",0,0,0,13,"Southampton","No"
"641","3rd_class","Male",51,"Adult",0,0,0,8.05,"Southampton","No"
"642","3rd_class","Male",28,"Adult",0,0,0,7.9,"Southampton","No"
"643","1st_class","Male",38,"Adult",1,0,1,90,"Southampton","Yes"
"644","3rd_class","Male",22,"Adult",0,0,0,9.35,"Southampton","No"
"645","2nd_class","Male",19,"Teenage",0,0,0,10.5,"Southampton","Yes"
"646","3rd_class","Male",20,"Adult",0,0,0,7.25,"Southampton","No"
"647","2nd_class","Male",18,"Teenage",0,0,0,13,"Southampton","No"
"648","3rd_class","Female",8,"Kid",3,1,4,25.47,"Southampton","No"
"649","1st_class","Female",35,"Adult",1,0,1,83.47,"Southampton","Yes"
"650","3rd_class","Male",29,"Adult",0,0,0,7.78,"Southampton","No"
"651","2nd_class","Male",59,"Adult",0,0,0,13.5,"Southampton","No"
"652","3rd_class","Female",5,"Kid",4,2,6,31.39,"Southampton","Yes"
"653","2nd_class","Male",24,"Adult",0,0,0,10.5,"Southampton","No"
"654","3rd_class","Female",30,"Adult",0,0,0,7.55,"Southampton","No"
"655","2nd_class","Male",44,"Adult",1,0,1,26,"Southampton","No"
"656","2nd_class","Female",8,"Kid",0,2,2,26.25,"Southampton","Yes"
"657","2nd_class","Male",19,"Teenage",0,0,0,10.5,"Southampton","No"
"658","2nd_class","Male",33,"Adult",0,0,0,12.28,"Southampton","No"
"659","3rd_class","Female",27,"Adult",1,0,1,14.45,"Cherbourg","No"
"660","3rd_class","Female",24,"Adult",1,0,1,15.5,"Queenstown","Yes"
"661","2nd_class","Male",29,"Adult",0,0,0,10.5,"Southampton","No"
"662","3rd_class","Male",22,"Adult",0,0,0,7.12,"Southampton","No"
"663","3rd_class","Male",30,"Adult",0,0,0,7.22,"Cherbourg","No"
"664","1st_class","Male",44,"Adult",2,0,2,90,"Queenstown","No"
"665","3rd_class","Female",25,"Adult",0,0,0,7.78,"Southampton","No"
"666","2nd_class","Female",24,"Adult",0,2,2,14.5,"Southampton","Yes"
"667","1st_class","Male",37,"Adult",1,1,2,52.55,"Southampton","Yes"
"668","2nd_class","Male",54,"Adult",1,0,1,26,"Southampton","No"
"669","3rd_class","Male",30,"Adult",0,0,0,7.25,"Southampton","No"
"670","3rd_class","Female",29,"Adult",1,1,2,10.46,"Southampton","No"
"671","1st_class","Male",62,"Adult",0,0,0,26.55,"Southampton","No"
"672","3rd_class","Male",30,"Adult",1,0,1,16.1,"Southampton","No"
"673","3rd_class","Female",41,"Adult",0,2,2,20.21,"Southampton","No"
"674","3rd_class","Female",29,"Adult",0,2,2,15.25,"Cherbourg","Yes"
"675","1st_class","Female",38,"Adult",0,0,0,79.2,"Cherbourg","Yes"
"676","1st_class","Female",30,"Adult",0,0,0,86.5,"Southampton","Yes"
"677","1st_class","Female",35,"Adult",0,0,0,512.33,"Cherbourg","Yes"
"678","2nd_class","Female",50,"Adult",0,1,1,26,"Southampton","Yes"
"679","3rd_class","Male",30,"Adult",0,0,0,7.75,"Queenstown","No"
"680","3rd_class","Male",3,"Kid",4,2,6,31.39,"Southampton","Yes"
"681","1st_class","Male",52,"Adult",1,1,2,79.65,"Southampton","No"
"682","1st_class","Male",40,"Adult",0,0,0,0,"Southampton","No"
"683","3rd_class","Female",29,"Adult",0,0,0,7.75,"Queenstown","No"
"684","2nd_class","Male",36,"Adult",0,0,0,10.5,"Southampton","No"
"685","3rd_class","Male",16,"Teenage",4,1,5,39.69,"Southampton","No"
"686","3rd_class","Male",25,"Adult",1,0,1,7.78,"Southampton","Yes"
"687","1st_class","Female",58,"Adult",0,1,1,153.46,"Southampton","Yes"
"688","1st_class","Female",35,"Adult",0,0,0,135.63,"Southampton","Yes"
"689","1st_class","Male",48,"Adult",0,0,0,31,"Southampton","No"
"690","3rd_class","Male",25,"Adult",0,0,0,0,"Southampton","Yes"
"691","2nd_class","Female",41,"Adult",0,1,1,19.5,"Southampton","Yes"
"692","1st_class","Male",37,"Adult",0,1,1,29.7,"Cherbourg","No"
"693","3rd_class","Female",23,"Adult",0,0,0,7.75,"Queenstown","Yes"
"694","1st_class","Female",63,"Adult",1,0,1,77.96,"Southampton","Yes"
"695","3rd_class","Female",45,"Adult",0,0,0,7.75,"Southampton","No"
"696","2nd_class","Male",33,"Adult",0,0,0,0,"Southampton","No"
"697","3rd_class","Male",7,"Kid",4,1,5,29.12,"Queenstown","No"
"698","3rd_class","Female",35,"Adult",1,1,2,20.25,"Southampton","Yes"
"699","3rd_class","Male",65,"Adult",0,0,0,7.75,"Queenstown","No"
"700","3rd_class","Male",28,"Adult",0,0,0,7.85,"Southampton","No"
"701","3rd_class","Male",16,"Teenage",0,0,0,9.5,"Southampton","No"
"702","3rd_class","Male",19,"Teenage",0,0,0,8.05,"Southampton","Yes"
"703","1st_class","Male",48,"Adult",0,0,0,26,"Southampton","No"
"704","3rd_class","Male",33,"Adult",0,0,0,8.66,"Cherbourg","No"
"705","3rd_class","Male",30,"Adult",0,0,0,9.5,"Southampton","Yes"
"706","3rd_class","Male",22,"Adult",0,0,0,7.9,"Southampton","No"
"707","2nd_class","Male",42,"Adult",0,0,0,13,"Southampton","Yes"
"708","3rd_class","Female",22,"Adult",0,0,0,7.75,"Queenstown","Yes"
"709","1st_class","Female",26,"Adult",0,0,0,78.85,"Southampton","Yes"
"710","1st_class","Female",19,"Teenage",1,0,1,91.08,"Cherbourg","Yes"
"711","2nd_class","Male",36,"Adult",0,0,0,12.88,"Cherbourg","No"
"712","3rd_class","Female",24,"Adult",0,0,0,8.85,"Southampton","No"
"713","3rd_class","Male",24,"Adult",0,0,0,7.9,"Southampton","No"
"714","1st_class","Male",48,"Adult",0,0,0,27.72,"Cherbourg","No"
"715","3rd_class","Male",24,"Adult",0,0,0,7.23,"Cherbourg","No"
"716","1st_class","Female",2,"Kid",1,2,3,151.55,"Southampton","No"
"717","1st_class","Male",43,"Adult",0,0,0,30.5,"Southampton","Yes"
"718","1st_class","Female",50,"Adult",0,1,1,247.52,"Cherbourg","Yes"
"719","3rd_class","Female",23,"Adult",0,0,0,7.75,"Queenstown","Yes"
"720","3rd_class","Male",27,"Adult",2,0,2,23.25,"Queenstown","Yes"
"721","3rd_class","Male",19,"Teenage",0,0,0,0,"Southampton","No"
"722","2nd_class","Female",27,"Adult",0,0,0,12.35,"Queenstown","Yes"
"723","3rd_class","Male",28,"Adult",0,0,0,8.05,"Southampton","No"
"724","1st_class","Male",1,"Kid",1,2,3,151.55,"Southampton","Yes"
"725","1st_class","Female",35,"Adult",0,0,0,110.88,"Cherbourg","Yes"
"726","1st_class","Female",17,"Teenage",1,0,1,108.9,"Cherbourg","Yes"
"727","2nd_class","Male",30,"Adult",1,0,1,24,"Cherbourg","No"
"728","1st_class","Female",30,"Adult",0,0,0,56.93,"Cherbourg","Yes"
"729","1st_class","Female",24,"Adult",0,0,0,83.16,"Cherbourg","Yes"
"730","1st_class","Female",18,"Teenage",2,2,4,262.38,"Cherbourg","Yes"
"731","2nd_class","Female",26,"Adult",1,1,2,26,"Southampton","No"
"732","3rd_class","Male",28,"Adult",0,0,0,7.9,"Southampton","No"
"733","2nd_class","Male",43,"Adult",1,1,2,26.25,"Southampton","No"
"734","3rd_class","Female",26,"Adult",0,0,0,7.85,"Southampton","Yes"
"735","2nd_class","Female",24,"Adult",1,0,1,26,"Southampton","Yes"
"736","2nd_class","Male",54,"Adult",0,0,0,14,"Southampton","No"
"737","1st_class","Female",31,"Adult",0,2,2,164.87,"Southampton","Yes"
"738","1st_class","Female",40,"Adult",1,1,2,134.5,"Cherbourg","Yes"
"739","3rd_class","Male",22,"Adult",0,0,0,7.25,"Southampton","No"
"740","3rd_class","Male",27,"Adult",0,0,0,7.9,"Southampton","No"
"741","2nd_class","Female",30,"Adult",0,0,0,12.35,"Queenstown","Yes"
"742","2nd_class","Female",22,"Adult",1,1,2,29,"Southampton","Yes"
"743","3rd_class","Male",8,"Kid",8,2,10,69.55,"Southampton","No"
"744","1st_class","Female",36,"Adult",0,0,0,135.63,"Cherbourg","Yes"
"745","3rd_class","Male",61,"Adult",0,0,0,6.24,"Southampton","No"
"746","2nd_class","Female",36,"Adult",0,0,0,13,"Southampton","Yes"
"747","3rd_class","Female",31,"Adult",1,1,2,20.52,"Southampton","Yes"
"748","1st_class","Female",16,"Teenage",0,1,1,57.98,"Cherbourg","Yes"
"749","3rd_class","Female",25,"Adult",2,0,2,23.25,"Queenstown","Yes"
"750","1st_class","Male",46,"Adult",0,0,0,28.5,"Southampton","No"
"751","1st_class","Male",38,"Adult",0,1,1,153.46,"Southampton","No"
"752","3rd_class","Male",16,"Teenage",2,0,2,18,"Southampton","No"
"753","1st_class","Female",36,"Adult",1,0,1,133.65,"Southampton","Yes"
"754","3rd_class","Male",28,"Adult",0,0,0,7.9,"Southampton","No"
"755","1st_class","Male",29,"Adult",1,0,1,66.6,"Southampton","No"
"756","1st_class","Female",41,"Adult",0,0,0,134.5,"Cherbourg","Yes"
"757","3rd_class","Male",45,"Adult",0,0,0,8.05,"Southampton","Yes"
"758","1st_class","Male",45,"Adult",0,0,0,35.5,"Southampton","No"
"759","2nd_class","Male",2,"Kid",1,1,2,26,"Southampton","Yes"
"760","1st_class","Female",24,"Adult",3,2,5,263,"Southampton","Yes"
"761","2nd_class","Male",28,"Adult",0,0,0,13,"Southampton","No"
"762","2nd_class","Male",25,"Adult",0,0,0,13,"Southampton","No"
"763","2nd_class","Male",36,"Adult",0,0,0,13,"Southampton","No"
"764","2nd_class","Female",24,"Adult",0,0,0,13,"Southampton","Yes"
"765","2nd_class","Female",40,"Adult",0,0,0,13,"Southampton","Yes"
"766","3rd_class","Female",29,"Adult",1,0,1,16.1,"Southampton","Yes"
"767","3rd_class","Male",3,"Kid",1,1,2,15.9,"Southampton","Yes"
"768","3rd_class","Male",42,"Adult",0,0,0,8.66,"Southampton","No"
"769","3rd_class","Male",23,"Adult",0,0,0,9.22,"Southampton","No"
"770","1st_class","Male",48,"Adult",0,0,0,35,"Southampton","No"
"771","3rd_class","Male",15,"Teenage",1,1,2,7.23,"Cherbourg","No"
"772","3rd_class","Male",25,"Adult",1,0,1,17.8,"Southampton","No"
"773","3rd_class","Male",30,"Adult",0,0,0,7.22,"Cherbourg","No"
"774","3rd_class","Male",28,"Adult",0,0,0,9.5,"Southampton","No"
"775","1st_class","Female",22,"Adult",0,1,1,55,"Southampton","Yes"
"776","2nd_class","Female",38,"Adult",0,0,0,13,"Southampton","No"
"777","3rd_class","Female",24,"Adult",0,0,0,7.88,"Queenstown","Yes"
"778","3rd_class","Female",24,"Adult",0,0,0,7.88,"Queenstown","Yes"
"779","3rd_class","Male",40,"Adult",1,4,5,27.9,"Southampton","No"
"780","2nd_class","Male",29,"Adult",1,0,1,27.72,"Cherbourg","No"
"781","3rd_class","Female",45,"Adult",0,1,1,14.45,"Cherbourg","No"
"782","3rd_class","Male",35,"Adult",0,0,0,7.05,"Southampton","No"
"783","3rd_class","Male",28,"Adult",1,0,1,15.5,"Queenstown","No"
"784","3rd_class","Male",30,"Adult",0,0,0,7.25,"Southampton","No"
"785","1st_class","Female",60,"Adult",1,0,1,75.25,"Cherbourg","Yes"
"786","3rd_class","Female",22,"Adult",0,0,0,7.23,"Cherbourg","Yes"
"787","3rd_class","Female",23,"Adult",0,0,0,7.75,"Queenstown","Yes"
"788","1st_class","Female",24,"Adult",0,0,0,69.3,"Cherbourg","Yes"
"789","1st_class","Male",25,"Adult",1,0,1,55.44,"Cherbourg","Yes"
"790","3rd_class","Male",18,"Teenage",1,0,1,6.5,"Southampton","No"
"791","3rd_class","Male",19,"Teenage",0,0,0,8.05,"Southampton","No"
"792","1st_class","Male",22,"Adult",0,0,0,135.63,"Cherbourg","No"
"793","3rd_class","Female",3,"Kid",3,1,4,21.08,"Southampton","No"
"794","1st_class","Female",36,"Adult",1,0,1,82.17,"Cherbourg","Yes"
"795","3rd_class","Female",22,"Adult",0,0,0,7.25,"Southampton","Yes"
"796","1st_class","Male",27,"Adult",0,2,2,211.5,"Cherbourg","No"
"797","3rd_class","Male",20,"Adult",0,0,0,4.01,"Cherbourg","No"
"798","3rd_class","Male",19,"Teenage",0,0,0,7.78,"Southampton","No"
"799","1st_class","Female",42,"Adult",0,0,0,227.52,"Cherbourg","Yes"
"800","3rd_class","Female",1,"Kid",0,2,2,15.74,"Cherbourg","Yes"
"801","3rd_class","Male",32,"Adult",0,0,0,7.92,"Southampton","No"
"802","1st_class","Female",35,"Adult",1,0,1,52,"Southampton","Yes"
"803","3rd_class","Male",28,"Adult",0,0,0,7.9,"Southampton","No"
"804","2nd_class","Male",18,"Teenage",0,0,0,73.5,"Southampton","No"
"805","3rd_class","Male",1,"Kid",5,2,7,46.9,"Southampton","No"
"806","2nd_class","Female",36,"Adult",0,0,0,13,"Southampton","Yes"
"807","3rd_class","Male",30,"Adult",0,0,0,7.73,"Queenstown","No"
"808","2nd_class","Female",17,"Teenage",0,0,0,12,"Cherbourg","Yes"
"809","1st_class","Male",36,"Adult",1,2,3,120,"Southampton","Yes"
"810","3rd_class","Male",21,"Adult",0,0,0,7.8,"Southampton","Yes"
"811","3rd_class","Male",28,"Adult",2,0,2,7.92,"Southampton","No"
"812","1st_class","Female",23,"Adult",1,0,1,113.28,"Cherbourg","Yes"
"813","3rd_class","Female",24,"Adult",0,2,2,16.7,"Southampton","Yes"
"814","3rd_class","Male",22,"Adult",0,0,0,7.8,"Southampton","No"
"815","3rd_class","Female",31,"Adult",0,0,0,7.85,"Southampton","No"
"816","2nd_class","Male",46,"Adult",0,0,0,26,"Southampton","No"
"817","2nd_class","Male",23,"Adult",0,0,0,10.5,"Southampton","No"
"818","2nd_class","Female",28,"Adult",0,0,0,12.65,"Southampton","Yes"
"819","3rd_class","Male",39,"Adult",0,0,0,7.92,"Southampton","Yes"
"820","3rd_class","Male",26,"Adult",0,0,0,8.05,"Southampton","No"
"821","3rd_class","Female",21,"Adult",1,0,1,9.82,"Southampton","No"
"822","3rd_class","Male",28,"Adult",1,0,1,15.85,"Southampton","No"
"823","3rd_class","Female",20,"Adult",0,0,0,8.66,"Southampton","No"
"824","2nd_class","Male",34,"Adult",1,0,1,21,"Southampton","No"
"825","3rd_class","Male",51,"Adult",0,0,0,7.75,"Southampton","No"
"826","2nd_class","Male",3,"Kid",1,1,2,18.75,"Southampton","Yes"
"827","3rd_class","Male",21,"Adult",0,0,0,7.78,"Southampton","No"
"828","3rd_class","Female",8,"Kid",3,1,4,25.47,"Southampton","No"
"829","3rd_class","Male",28,"Adult",0,0,0,7.9,"Southampton","No"
"830","3rd_class","Male",30,"Adult",0,0,0,6.86,"Queenstown","No"
"831","1st_class","Female",33,"Adult",1,0,1,90,"Queenstown","Yes"
"832","2nd_class","Male",33,"Adult",0,0,0,0,"Southampton","No"
"833","3rd_class","Male",44,"Adult",0,0,0,7.92,"Southampton","Yes"
"834","3rd_class","Female",28,"Adult",0,0,0,8.05,"Southampton","No"
"835","2nd_class","Female",34,"Adult",1,1,2,32.5,"Southampton","Yes"
"836","2nd_class","Female",18,"Teenage",0,2,2,13,"Southampton","Yes"
"837","2nd_class","Male",30,"Adult",0,0,0,13,"Southampton","No"
"838","3rd_class","Female",10,"Kid",0,2,2,24.15,"Southampton","No"
"839","3rd_class","Male",28,"Adult",0,0,0,7.9,"Cherbourg","No"
"840","3rd_class","Male",21,"Adult",0,0,0,7.73,"Queenstown","No"
"841","3rd_class","Male",29,"Adult",0,0,0,7.88,"Southampton","No"
"842","3rd_class","Female",28,"Adult",1,1,2,14.4,"Southampton","No"
"843","3rd_class","Male",18,"Teenage",1,1,2,20.21,"Southampton","No"
"844","3rd_class","Male",30,"Adult",0,0,0,7.25,"Southampton","No"
"845","2nd_class","Female",28,"Adult",1,0,1,26,"Southampton","Yes"
"846","2nd_class","Female",19,"Teenage",0,0,0,26,"Southampton","Yes"
"847","3rd_class","Male",30,"Adult",0,0,0,7.75,"Queenstown","No"
"848","3rd_class","Male",32,"Adult",0,0,0,8.05,"Southampton","Yes"
"849","1st_class","Male",28,"Adult",0,0,0,26.55,"Southampton","Yes"
"850","3rd_class","Female",29,"Adult",1,0,1,16.1,"Southampton","Yes"
"851","2nd_class","Female",42,"Adult",1,0,1,26,"Southampton","Yes"
"852","3rd_class","Male",17,"Teenage",0,0,0,7.12,"Southampton","No"
"853","1st_class","Male",50,"Adult",1,0,1,55.9,"Southampton","No"
"854","1st_class","Female",14,"Teenage",1,2,3,120,"Southampton","Yes"
"855","3rd_class","Female",21,"Adult",2,2,4,34.38,"Southampton","No"
"856","2nd_class","Female",24,"Adult",2,3,5,18.75,"Southampton","Yes"
"857","1st_class","Male",64,"Adult",1,4,5,263,"Southampton","No"
"858","2nd_class","Male",31,"Adult",0,0,0,10.5,"Southampton","No"
"859","2nd_class","Female",45,"Adult",1,1,2,26.25,"Southampton","Yes"
"860","3rd_class","Male",20,"Adult",0,0,0,9.5,"Southampton","No"
"861","3rd_class","Male",25,"Adult",1,0,1,7.78,"Southampton","No"
"862","2nd_class","Female",28,"Adult",0,0,0,13,"Southampton","Yes"
"863","3rd_class","Male",29,"Adult",0,0,0,8.11,"Southampton","Yes"
"864","1st_class","Male",4,"Kid",0,2,2,81.86,"Southampton","Yes"
"865","2nd_class","Female",13,"Teenage",0,1,1,19.5,"Southampton","Yes"
"866","1st_class","Male",34,"Adult",0,0,0,26.55,"Southampton","Yes"
"867","3rd_class","Female",5,"Kid",2,1,3,19.26,"Cherbourg","Yes"
"868","1st_class","Male",52,"Adult",0,0,0,30.5,"Southampton","Yes"
"869","2nd_class","Male",36,"Adult",1,2,3,27.75,"Southampton","No"
"870","3rd_class","Male",28,"Adult",1,0,1,19.97,"Southampton","No"
"871","1st_class","Male",30,"Adult",0,0,0,27.75,"Cherbourg","No"
"872","1st_class","Male",49,"Adult",1,0,1,89.1,"Cherbourg","Yes"
"873","3rd_class","Male",28,"Adult",0,0,0,8.05,"Southampton","No"
"874","3rd_class","Male",29,"Adult",0,0,0,7.9,"Cherbourg","Yes"
"875","1st_class","Male",65,"Adult",0,0,0,26.55,"Southampton","No"
"876","1st_class","Female",38,"Adult",1,0,1,51.86,"Southampton","Yes"
"877","2nd_class","Female",50,"Adult",0,0,0,10.5,"Southampton","Yes"
"878","3rd_class","Male",30,"Adult",0,0,0,7.75,"Queenstown","No"
"879","1st_class","Male",48,"Adult",0,0,0,26.55,"Southampton","Yes"
"880","3rd_class","Male",34,"Adult",0,0,0,8.05,"Southampton","No"
"881","1st_class","Male",47,"Adult",0,0,0,38.5,"Southampton","No"
"882","2nd_class","Male",48,"Adult",0,0,0,13,"Southampton","No"
"883","3rd_class","Male",28,"Adult",0,0,0,8.05,"Southampton","No"
"884","3rd_class","Male",38,"Adult",0,0,0,7.05,"Southampton","No"
"885","2nd_class","Male",33,"Adult",0,0,0,0,"Southampton","No"
"886","1st_class","Male",56,"Adult",0,0,0,26.55,"Southampton","No"
"887","3rd_class","Male",30,"Adult",0,0,0,7.72,"Queenstown","No"
"888","3rd_class","Female",1,"Kid",2,1,3,19.26,"Cherbourg","Yes"
"889","3rd_class","Male",30,"Adult",0,0,0,7.25,"Southampton","No"
"890","3rd_class","Male",38,"Adult",0,0,0,8.66,"Southampton","No"
"891","2nd_class","Female",33,"Adult",1,2,3,27.75,"Southampton","Yes"
"892","2nd_class","Female",23,"Adult",0,0,0,13.79,"Cherbourg","Yes"
"893","3rd_class","Female",22,"Adult",0,0,0,9.84,"Southampton","No"
"894","1st_class","Male",40,"Adult",0,0,0,52,"Southampton","No"
"895","2nd_class","Male",34,"Adult",1,0,1,21,"Southampton","No"
"896","3rd_class","Male",29,"Adult",1,0,1,7.05,"Southampton","No"
"897","3rd_class","Male",22,"Adult",0,0,0,7.52,"Southampton","No"
"898","3rd_class","Female",2,"Kid",0,1,1,12.29,"Southampton","Yes"
"899","3rd_class","Male",9,"Kid",5,2,7,46.9,"Southampton","No"
"900","2nd_class","Male",33,"Adult",0,0,0,0,"Southampton","No"
"901","3rd_class","Male",50,"Adult",0,0,0,8.05,"Southampton","No"
"902","3rd_class","Female",63,"Adult",0,0,0,9.59,"Southampton","Yes"
"903","1st_class","Male",25,"Adult",1,0,1,91.08,"Cherbourg","Yes"
"904","3rd_class","Female",8,"Kid",3,1,4,25.47,"Southampton","No"
"905","1st_class","Female",35,"Adult",1,0,1,90,"Southampton","Yes"
"906","1st_class","Male",58,"Adult",0,0,0,29.7,"Cherbourg","No"
"907","3rd_class","Male",30,"Adult",0,0,0,8.05,"Southampton","No"
"908","3rd_class","Male",9,"Kid",1,1,2,15.9,"Southampton","Yes"
"909","3rd_class","Male",28,"Adult",1,0,1,19.97,"Southampton","No"
"910","3rd_class","Male",21,"Adult",0,0,0,7.25,"Southampton","No"
"911","1st_class","Male",55,"Adult",0,0,0,30.5,"Southampton","No"
"912","1st_class","Male",71,"Elder",0,0,0,49.5,"Cherbourg","No"
"913","3rd_class","Male",21,"Adult",0,0,0,8.05,"Southampton","No"
"914","3rd_class","Male",28,"Adult",0,0,0,14.46,"Cherbourg","No"
"915","1st_class","Female",54,"Adult",1,0,1,78.27,"Cherbourg","Yes"
"916","3rd_class","Male",28,"Adult",0,0,0,15.1,"Southampton","No"
"917","1st_class","Female",25,"Adult",1,2,3,151.55,"Southampton","No"
"918","3rd_class","Male",24,"Adult",0,0,0,7.8,"Southampton","No"
"919","3rd_class","Male",17,"Teenage",0,0,0,8.66,"Southampton","No"
"920","3rd_class","Female",21,"Adult",0,0,0,7.75,"Queenstown","No"
"921","3rd_class","Female",29,"Adult",0,0,0,7.63,"Queenstown","No"
"922","3rd_class","Female",37,"Adult",0,0,0,9.59,"Southampton","No"
"923","1st_class","Female",16,"Teenage",0,0,0,86.5,"Southampton","Yes"
"924","1st_class","Male",18,"Teenage",1,0,1,108.9,"Cherbourg","No"
"925","2nd_class","Female",33,"Adult",0,2,2,26,"Southampton","Yes"
"926","1st_class","Male",43,"Adult",0,0,0,26.55,"Southampton","Yes"
"927","3rd_class","Male",28,"Adult",0,0,0,22.52,"Southampton","No"
"928","3rd_class","Male",26,"Adult",0,0,0,56.5,"Southampton","Yes"
"929","3rd_class","Male",29,"Adult",0,0,0,7.75,"Queenstown","Yes"
"930","3rd_class","Male",28,"Adult",0,0,0,8.05,"Southampton","No"
"931","1st_class","Male",36,"Adult",0,0,0,26.29,"Southampton","Yes"
"932","1st_class","Female",54,"Adult",1,0,1,59.4,"Cherbourg","Yes"
"933","3rd_class","Male",24,"Adult",0,0,0,7.5,"Southampton","No"
"934","1st_class","Male",47,"Adult",0,0,0,34.02,"Southampton","No"
"935","2nd_class","Female",34,"Adult",0,0,0,10.5,"Southampton","Yes"
"936","3rd_class","Male",30,"Adult",0,0,0,24.15,"Queenstown","No"
"937","2nd_class","Female",36,"Adult",1,0,1,26,"Southampton","Yes"
"938","3rd_class","Male",32,"Adult",0,0,0,7.9,"Southampton","No"
"939","1st_class","Female",30,"Adult",0,0,0,93.5,"Southampton","Yes"
"940","3rd_class","Male",22,"Adult",0,0,0,7.9,"Southampton","No"
"941","3rd_class","Male",30,"Adult",0,0,0,7.22,"Cherbourg","No"
"942","1st_class","Female",44,"Adult",0,1,1,57.98,"Cherbourg","Yes"
"943","3rd_class","Male",30,"Adult",0,0,0,7.23,"Cherbourg","No"
"944","3rd_class","Male",40,"Adult",0,0,0,7.75,"Queenstown","No"
"945","2nd_class","Female",50,"Adult",0,0,0,10.5,"Southampton","Yes"
"946","1st_class","Male",36,"Adult",0,0,0,221.78,"Southampton","No"
"947","3rd_class","Male",39,"Adult",0,0,0,7.92,"Southampton","No"
"948","2nd_class","Male",23,"Adult",2,1,3,11.5,"Southampton","No"
"949","2nd_class","Female",2,"Kid",1,1,2,26,"Southampton","Yes"
"950","3rd_class","Male",30,"Adult",0,0,0,7.23,"Cherbourg","No"
"951","3rd_class","Male",17,"Teenage",1,1,2,7.23,"Cherbourg","No"
"952","3rd_class","Female",20,"Adult",0,2,2,22.36,"Cherbourg","Yes"
"953","3rd_class","Female",30,"Adult",0,0,0,8.66,"Southampton","No"
"954","2nd_class","Female",7,"Kid",0,2,2,26.25,"Southampton","Yes"
"955","1st_class","Male",45,"Adult",0,0,0,26.55,"Southampton","No"
"956","1st_class","Female",30,"Adult",0,0,0,106.42,"Cherbourg","Yes"
"957","3rd_class","Male",28,"Adult",0,0,0,14.5,"Southampton","No"
"958","1st_class","Female",22,"Adult",0,2,2,49.5,"Cherbourg","Yes"
"959","1st_class","Female",36,"Adult",0,2,2,71,"Southampton","Yes"
"960","3rd_class","Female",9,"Kid",4,2,6,31.27,"Southampton","No"
"961","3rd_class","Female",11,"Kid",4,2,6,31.27,"Southampton","No"
"962","2nd_class","Male",32,"Adult",1,0,1,26,"Southampton","Yes"
"963","1st_class","Male",50,"Adult",1,0,1,106.42,"Cherbourg","No"
"964","1st_class","Male",64,"Adult",0,0,0,26,"Southampton","No"
"965","2nd_class","Female",19,"Teenage",1,0,1,26,"Southampton","Yes"
"966","2nd_class","Male",25,"Adult",0,0,0,13.86,"Cherbourg","Yes"
"967","3rd_class","Male",33,"Adult",1,1,2,20.52,"Southampton","No"
"968","2nd_class","Male",8,"Kid",1,1,2,36.75,"Southampton","Yes"
"969","1st_class","Male",17,"Teenage",0,2,2,110.88,"Cherbourg","Yes"
"970","2nd_class","Male",27,"Adult",0,0,0,26,"Southampton","No"
"971","3rd_class","Male",28,"Adult",0,0,0,7.83,"Queenstown","No"
"972","3rd_class","Male",22,"Adult",0,0,0,7.22,"Cherbourg","Yes"
"973","3rd_class","Female",22,"Adult",0,0,0,7.78,"Southampton","Yes"
"974","1st_class","Male",62,"Adult",0,0,0,26.55,"Southampton","No"
"975","1st_class","Female",48,"Adult",1,0,1,39.6,"Cherbourg","Yes"
"976","1st_class","Male",36,"Adult",0,0,0,227.52,"Cherbourg","No"
"977","1st_class","Female",39,"Adult",1,1,2,79.65,"Southampton","Yes"
"978","3rd_class","Female",36,"Adult",1,0,1,17.4,"Southampton","Yes"
"979","3rd_class","Male",30,"Adult",0,0,0,7.75,"Queenstown","No"
"980","3rd_class","Male",40,"Adult",0,0,0,7.9,"Southampton","No"
"981","2nd_class","Male",28,"Adult",0,0,0,13.5,"Southampton","No"
"982","3rd_class","Male",28,"Adult",0,0,0,8.05,"Southampton","No"
"983","3rd_class","Female",28,"Adult",0,0,0,8.05,"Southampton","No"
"984","3rd_class","Male",24,"Adult",2,0,2,24.15,"Southampton","No"
"985","3rd_class","Male",19,"Teenage",0,0,0,7.9,"Southampton","No"
"986","3rd_class","Female",29,"Adult",0,4,4,21.08,"Southampton","No"
"987","3rd_class","Male",30,"Adult",0,0,0,7.23,"Cherbourg","No"
"988","3rd_class","Male",32,"Adult",0,0,0,7.85,"Southampton","Yes"
"989","2nd_class","Male",62,"Adult",0,0,0,10.5,"Southampton","Yes"
"990","1st_class","Female",53,"Adult",2,0,2,51.48,"Southampton","Yes"
"991","1st_class","Male",36,"Adult",0,0,0,26.39,"Southampton","Yes"
"992","3rd_class","Female",23,"Adult",0,0,0,7.75,"Queenstown","Yes"
"993","3rd_class","Male",16,"Teenage",0,0,0,8.05,"Southampton","No"
"994","3rd_class","Male",19,"Teenage",0,0,0,14.5,"Southampton","No"
"995","2nd_class","Female",34,"Adult",0,0,0,13,"Southampton","Yes"
"996","1st_class","Female",39,"Adult",1,0,1,55.9,"Southampton","Yes"
"997","3rd_class","Female",27,"Adult",1,0,1,14.46,"Cherbourg","No"
"998","3rd_class","Male",32,"Adult",0,0,0,7.92,"Southampton","Yes"
"999","2nd_class","Female",25,"Adult",1,1,2,30,"Southampton","Yes"
"1000","1st_class","Female",39,"Adult",1,1,2,110.88,"Cherbourg","Yes"
"1001","2nd_class","Male",54,"Adult",0,0,0,26,"Southampton","No"
"1002","1st_class","Male",36,"Adult",0,0,0,40.12,"Cherbourg","No"
"1003","3rd_class","Male",28,"Adult",0,0,0,8.71,"Cherbourg","No"
"1004","1st_class","Female",18,"Teenage",0,2,2,79.65,"Southampton","Yes"
"1005","2nd_class","Male",47,"Adult",0,0,0,15,"Southampton","No"
"1006","1st_class","Male",60,"Adult",1,1,2,79.2,"Cherbourg","Yes"
"1007","3rd_class","Male",22,"Adult",0,0,0,8.05,"Southampton","No"
"1008","3rd_class","Male",28,"Adult",0,0,0,8.05,"Southampton","No"
"1009","3rd_class","Male",35,"Adult",0,0,0,7.12,"Southampton","No"
"1010","1st_class","Female",52,"Adult",1,0,1,78.27,"Cherbourg","Yes"
"1011","3rd_class","Male",47,"Adult",0,0,0,7.25,"Southampton","No"
"1012","3rd_class","Female",28,"Adult",0,2,2,7.75,"Queenstown","No"
"1013","2nd_class","Male",37,"Adult",1,0,1,26,"Southampton","No"
"1014","3rd_class","Male",36,"Adult",1,1,2,24.15,"Southampton","No"
"1015","2nd_class","Female",30,"Adult",0,0,0,33,"Southampton","Yes"
"1016","3rd_class","Male",49,"Adult",0,0,0,0,"Southampton","No"
"1017","3rd_class","Male",30,"Adult",0,0,0,7.22,"Cherbourg","No"
"1018","1st_class","Male",49,"Adult",1,0,1,56.93,"Cherbourg","Yes"
"1019","2nd_class","Female",24,"Adult",2,1,3,27,"Southampton","Yes"
"1020","3rd_class","Male",28,"Adult",0,0,0,7.9,"Southampton","No"
"1021","1st_class","Male",42,"Adult",0,0,0,42.4,"Southampton","No"
"1022","3rd_class","Male",44,"Adult",0,0,0,8.05,"Southampton","No"
"1023","1st_class","Male",35,"Adult",0,0,0,26.55,"Cherbourg","Yes"
"1024","3rd_class","Male",36,"Adult",1,0,1,15.55,"Southampton","No"
"1025","3rd_class","Male",30,"Adult",0,0,0,7.9,"Southampton","No"
"1026","1st_class","Male",27,"Adult",0,0,0,30.5,"Southampton","Yes"
"1027","2nd_class","Female",22,"Adult",1,2,3,41.58,"Cherbourg","Yes"
"1028","1st_class","Female",40,"Adult",0,0,0,153.46,"Southampton","Yes"
"1029","3rd_class","Female",39,"Adult",1,5,6,31.27,"Southampton","No"
"1030","3rd_class","Male",30,"Adult",0,0,0,7.05,"Southampton","No"
"1031","3rd_class","Female",24,"Adult",1,0,1,15.5,"Queenstown","Yes"
"1032","3rd_class","Male",30,"Adult",0,0,0,7.75,"Queenstown","No"
"1033","3rd_class","Male",35,"Adult",0,0,0,8.05,"Southampton","No"
"1034","2nd_class","Female",24,"Adult",1,2,3,65,"Southampton","Yes"
"1035","3rd_class","Male",34,"Adult",1,1,2,14.4,"Southampton","No"
"1036","3rd_class","Female",26,"Adult",1,0,1,16.1,"Southampton","No"
"1037","2nd_class","Female",4,"Kid",2,1,3,39,"Southampton","Yes"
"1038","2nd_class","Male",26,"Adult",0,0,0,10.5,"Southampton","No"
"1039","3rd_class","Male",27,"Adult",1,0,1,14.45,"Cherbourg","No"
"1040","1st_class","Male",42,"Adult",1,0,1,52.55,"Southampton","Yes"
"1041","3rd_class","Male",20,"Adult",1,1,2,15.74,"Cherbourg","Yes"
"1042","3rd_class","Male",21,"Adult",0,0,0,7.85,"Southampton","No"
"1043","3rd_class","Male",21,"Adult",0,0,0,16.1,"Southampton","No"
"1044","1st_class","Male",61,"Adult",0,0,0,32.32,"Southampton","No"
"1045","2nd_class","Male",57,"Adult",0,0,0,12.35,"Queenstown","No"
"1046","1st_class","Female",21,"Adult",0,0,0,77.96,"Southampton","Yes"
"1047","3rd_class","Male",26,"Adult",0,0,0,7.9,"Southampton","No"
"1048","3rd_class","Male",30,"Adult",0,0,0,7.73,"Queenstown","No"
"1049","1st_class","Male",80,"Elder",0,0,0,30,"Southampton","Yes"
"1050","3rd_class","Male",51,"Adult",0,0,0,7.05,"Southampton","No"
"1051","1st_class","Male",32,"Adult",0,0,0,30.5,"Cherbourg","Yes"
"1052","1st_class","Male",46,"Adult",0,0,0,0,"Southampton","No"
"1053","3rd_class","Female",9,"Kid",3,2,5,27.9,"Southampton","No"
"1054","2nd_class","Female",28,"Adult",0,0,0,13,"Southampton","Yes"
"1055","3rd_class","Male",32,"Adult",0,0,0,7.92,"Southampton","No"
"1056","2nd_class","Male",31,"Adult",1,1,2,26.25,"Southampton","No"
"1057","3rd_class","Female",41,"Adult",0,5,5,39.69,"Southampton","No"
"1058","3rd_class","Male",28,"Adult",1,0,1,16.1,"Southampton","No"
"1059","3rd_class","Male",20,"Adult",0,0,0,7.85,"Southampton","No"
"1060","1st_class","Female",24,"Adult",0,0,0,69.3,"Cherbourg","Yes"
"1061","3rd_class","Female",2,"Kid",3,2,5,27.9,"Southampton","No"
"1062","3rd_class","Male",29,"Adult",0,0,0,56.5,"Southampton","Yes"
"1063","3rd_class","Female",1,"Kid",2,1,3,19.26,"Cherbourg","Yes"
"1064","1st_class","Male",48,"Adult",1,0,1,76.73,"Cherbourg","Yes"
"1065","3rd_class","Male",19,"Teenage",0,0,0,7.9,"Southampton","No"
"1066","1st_class","Male",56,"Adult",0,0,0,35.5,"Cherbourg","Yes"
"1067","3rd_class","Male",30,"Adult",0,0,0,7.55,"Southampton","No"
"1068","3rd_class","Female",23,"Adult",0,0,0,7.55,"Southampton","Yes"
"1069","3rd_class","Male",28,"Adult",0,0,0,7.9,"Southampton","No"
"1070","2nd_class","Female",18,"Teenage",0,1,1,23,"Southampton","Yes"
"1071","3rd_class","Male",21,"Adult",0,0,0,8.43,"Southampton","No"
"1072","3rd_class","Female",24,"Adult",0,0,0,7.83,"Queenstown","Yes"
"1073","3rd_class","Female",18,"Teenage",0,0,0,6.75,"Queenstown","No"
"1074","2nd_class","Male",24,"Adult",2,0,2,73.5,"Southampton","No"
"1075","3rd_class","Male",28,"Adult",0,0,0,7.9,"Southampton","No"
"1076","3rd_class","Female",32,"Adult",1,1,2,15.5,"Queenstown","No"
"1077","2nd_class","Male",23,"Adult",0,0,0,13,"Southampton","No"
"1078","1st_class","Male",58,"Adult",0,2,2,113.28,"Cherbourg","No"
"1079","1st_class","Male",50,"Adult",2,0,2,133.65,"Southampton","Yes"
"1080","3rd_class","Male",40,"Adult",0,0,0,7.22,"Cherbourg","No"
"1081","1st_class","Male",47,"Adult",0,0,0,25.59,"Southampton","No"
"1082","3rd_class","Male",36,"Adult",0,0,0,7.5,"Southampton","No"
"1083","3rd_class","Male",20,"Adult",1,0,1,7.92,"Southampton","Yes"
"1084","2nd_class","Male",32,"Adult",2,0,2,73.5,"Southampton","No"
"1085","2nd_class","Male",25,"Adult",0,0,0,13,"Southampton","No"
"1086","3rd_class","Male",28,"Adult",0,0,0,7.78,"Southampton","No"
"1087","3rd_class","Male",43,"Adult",0,0,0,8.05,"Southampton","No"
"1088","1st_class","Female",38,"Adult",1,0,1,52,"Southampton","Yes"
"1089","2nd_class","Female",40,"Adult",1,1,2,39,"Southampton","Yes"
"1090","1st_class","Male",31,"Adult",1,0,1,52,"Southampton","No"
"1091","2nd_class","Male",70,"Elder",0,0,0,10.5,"Southampton","No"
"1092","2nd_class","Male",31,"Adult",0,0,0,13,"Southampton","Yes"
"1093","2nd_class","Male",33,"Adult",0,0,0,0,"Southampton","No"
"1094","3rd_class","Male",18,"Teenage",0,0,0,7.78,"Southampton","No"
"1095","3rd_class","Male",24,"Adult",0,0,0,8.05,"Southampton","No"
"1096","3rd_class","Female",18,"Teenage",0,0,0,9.84,"Southampton","Yes"
"1097","3rd_class","Female",43,"Adult",1,6,7,46.9,"Southampton","No"
"1098","1st_class","Male",36,"Adult",0,1,1,512.33,"Cherbourg","Yes"
"1099","3rd_class","Female",27,"Adult",0,0,0,8.14,"Queenstown","No"
"1100","1st_class","Male",27,"Adult",0,0,0,76.73,"Cherbourg","Yes"
"1101","3rd_class","Male",20,"Adult",0,0,0,9.22,"Southampton","No"
"1102","3rd_class","Male",14,"Teenage",5,2,7,46.9,"Southampton","No"
"1103","2nd_class","Male",60,"Adult",1,1,2,39,"Southampton","No"
"1104","2nd_class","Male",25,"Adult",1,2,3,41.58,"Cherbourg","No"
"1105","3rd_class","Male",14,"Teenage",4,1,5,39.69,"Southampton","No"
"1106","3rd_class","Male",19,"Teenage",0,0,0,10.17,"Southampton","No"
"1107","3rd_class","Male",18,"Teenage",0,0,0,7.8,"Southampton","No"
"1108","1st_class","Female",15,"Teenage",0,1,1,211.34,"Southampton","Yes"
"1109","1st_class","Male",31,"Adult",1,0,1,57,"Southampton","Yes"
"1110","3rd_class","Female",4,"Kid",0,1,1,13.42,"Cherbourg","Yes"
"1111","3rd_class","Male",29,"Adult",0,0,0,56.5,"Southampton","Yes"
"1112","3rd_class","Male",25,"Adult",0,0,0,7.22,"Cherbourg","No"
"1113","1st_class","Male",60,"Adult",0,0,0,26.55,"Southampton","No"
"1114","2nd_class","Male",52,"Adult",0,0,0,13.5,"Southampton","No"
"1115","3rd_class","Male",44,"Adult",0,0,0,8.05,"Southampton","No"
"1116","3rd_class","Female",23,"Adult",0,0,0,7.73,"Queenstown","Yes"
"1117","1st_class","Male",49,"Adult",1,1,2,110.88,"Cherbourg","No"
"1118","3rd_class","Male",42,"Adult",0,0,0,7.65,"Southampton","No"
"1119","1st_class","Female",18,"Teenage",1,0,1,227.52,"Cherbourg","Yes"
"1120","1st_class","Male",35,"Adult",0,0,0,26.29,"Southampton","Yes"
"1121","3rd_class","Female",18,"Teenage",0,1,1,14.45,"Cherbourg","No"
"1122","3rd_class","Male",25,"Adult",0,0,0,7.74,"Queenstown","No"
"1123","3rd_class","Male",26,"Adult",1,0,1,7.85,"Southampton","No"
"1124","2nd_class","Male",39,"Adult",0,0,0,26,"Southampton","No"
"1125","2nd_class","Female",45,"Adult",0,0,0,13.5,"Southampton","Yes"
"1126","1st_class","Male",42,"Adult",0,0,0,26.29,"Southampton","Yes"
"1127","1st_class","Female",22,"Adult",0,0,0,151.55,"Southampton","Yes"
"1128","3rd_class","Male",6,"Kid",1,1,2,15.25,"Cherbourg","Yes"
"1129","1st_class","Female",24,"Adult",0,0,0,49.5,"Cherbourg","Yes"
"1130","1st_class","Male",48,"Adult",0,0,0,26.55,"Southampton","No"
"1131","1st_class","Male",48,"Adult",1,0,1,52,"Southampton","Yes"
"1132","3rd_class","Male",29,"Adult",0,0,0,9.48,"Southampton","No"
"1133","2nd_class","Male",52,"Adult",0,0,0,13,"Southampton","No"
"1134","3rd_class","Male",19,"Teenage",0,0,0,7.65,"Southampton","No"
"1135","1st_class","Female",38,"Adult",0,0,0,227.52,"Cherbourg","Yes"
"1136","2nd_class","Female",27,"Adult",0,0,0,10.5,"Southampton","Yes"
"1137","3rd_class","Male",28,"Adult",0,0,0,15.5,"Queenstown","No"
"1138","3rd_class","Male",33,"Adult",0,0,0,7.78,"Southampton","No"
"1139","2nd_class","Female",6,"Kid",0,1,1,33,"Southampton","Yes"
"1140","3rd_class","Male",17,"Teenage",1,0,1,7.05,"Southampton","No"
"1141","2nd_class","Male",34,"Adult",0,0,0,13,"Southampton","No"
"1142","2nd_class","Male",50,"Adult",0,0,0,13,"Southampton","No"
"1143","1st_class","Male",27,"Adult",1,0,1,53.1,"Southampton","Yes"
"1144","3rd_class","Male",20,"Adult",0,0,0,8.66,"Southampton","No"
"1145","2nd_class","Female",30,"Adult",3,0,3,21,"Southampton","Yes"
"1146","3rd_class","Female",23,"Adult",0,0,0,7.74,"Queenstown","Yes"
"1147","2nd_class","Male",25,"Adult",1,0,1,26,"Southampton","No"
"1148","3rd_class","Female",25,"Adult",1,0,1,7.92,"Southampton","No"
"1149","1st_class","Female",29,"Adult",0,0,0,211.34,"Southampton","Yes"
"1150","3rd_class","Male",11,"Kid",0,0,0,18.79,"Cherbourg","No"
"1151","2nd_class","Male",33,"Adult",0,0,0,0,"Southampton","No"
"1152","2nd_class","Male",23,"Adult",0,0,0,13,"Southampton","No"
"1153","2nd_class","Male",23,"Adult",0,0,0,13,"Southampton","No"
"1154","3rd_class","Male",28,"Adult",0,0,0,16.1,"Southampton","No"
"1155","3rd_class","Female",48,"Adult",1,3,4,34.38,"Southampton","No"
"1156","1st_class","Male",35,"Adult",0,0,0,512.33,"Cherbourg","Yes"
"1157","3rd_class","Male",28,"Adult",0,0,0,7.9,"Southampton","No"
"1158","3rd_class","Male",28,"Adult",0,0,0,7.9,"Southampton","No"
"1159","1st_class","Male",43,"Adult",0,0,0,30,"Southampton","Yes"
"1160","1st_class","Male",36,"Adult",1,0,1,78.85,"Southampton","No"
"1161","1st_class","Female",21,"Adult",2,2,4,262.38,"Cherbourg","Yes"
"1162","3rd_class","Male",24,"Adult",1,0,1,16.1,"Southampton","No"
"1163","3rd_class","Male",31,"Adult",0,0,0,7.92,"Southampton","Yes"
"1164","1st_class","Male",70,"Elder",1,1,2,71,"Southampton","No"
"1165","3rd_class","Male",16,"Teenage",1,1,2,20.25,"Southampton","No"
"1166","2nd_class","Female",30,"Adult",0,0,0,13,"Southampton","Yes"
"1167","1st_class","Male",19,"Teenage",1,0,1,53.1,"Southampton","No"
"1168","3rd_class","Male",31,"Adult",0,0,0,7.75,"Queenstown","No"
"1169","2nd_class","Female",4,"Kid",1,1,2,23,"Southampton","Yes"
"1170","3rd_class","Male",6,"Kid",0,1,1,12.47,"Southampton","Yes"
"1171","3rd_class","Male",33,"Adult",0,0,0,9.5,"Southampton","No"
"1172","3rd_class","Male",23,"Adult",0,0,0,7.9,"Southampton","No"
"1173","2nd_class","Female",48,"Adult",1,2,3,65,"Southampton","Yes"
"1174","2nd_class","Male",1,"Kid",1,1,2,14.5,"Southampton","Yes"
"1175","3rd_class","Male",28,"Adult",0,0,0,7.8,"Southampton","No"
"1176","2nd_class","Male",18,"Teenage",0,0,0,11.5,"Southampton","No"
"1177","3rd_class","Male",34,"Adult",0,0,0,8.05,"Southampton","No"
"1178","1st_class","Female",33,"Adult",0,0,0,86.5,"Southampton","Yes"
"1179","3rd_class","Male",28,"Adult",0,0,0,14.5,"Southampton","No"
"1180","3rd_class","Male",41,"Adult",0,0,0,7.12,"Southampton","No"
"1181","3rd_class","Male",20,"Adult",0,0,0,7.23,"Cherbourg","Yes"
"1182","1st_class","Female",36,"Adult",1,2,3,120,"Southampton","Yes"
"1183","3rd_class","Male",16,"Teenage",0,0,0,7.78,"Southampton","No"
"1184","1st_class","Female",51,"Adult",1,0,1,77.96,"Southampton","Yes"
"1185","1st_class","Male",42,"Adult",0,0,0,39.6,"Cherbourg","No"
"1186","3rd_class","Female",30,"Adult",0,0,0,7.75,"Queenstown","No"
"1187","3rd_class","Male",30,"Adult",1,0,1,24.15,"Queenstown","No"
"1188","3rd_class","Male",32,"Adult",0,0,0,8.36,"Southampton","No"
"1189","3rd_class","Male",24,"Adult",0,0,0,9.5,"Southampton","No"
"1190","3rd_class","Male",48,"Adult",0,0,0,7.85,"Southampton","No"
"1191","2nd_class","Female",57,"Adult",0,0,0,10.5,"Southampton","No"
"1192","3rd_class","Male",30,"Adult",0,0,0,7.22,"Cherbourg","No"
"1193","2nd_class","Female",54,"Adult",1,3,4,23,"Southampton","Yes"
"1194","3rd_class","Male",18,"Teenage",0,0,0,7.75,"Southampton","No"
"1195","3rd_class","Male",30,"Adult",0,0,0,7.75,"Queenstown","No"
"1196","3rd_class","Female",5,"Kid",0,0,0,12.47,"Southampton","Yes"
"1197","3rd_class","Male",30,"Adult",0,0,0,7.74,"Queenstown","No"
"1198","1st_class","Female",43,"Adult",0,1,1,211.34,"Southampton","Yes"
"1199","3rd_class","Female",13,"Teenage",0,0,0,7.23,"Cherbourg","Yes"
"1200","1st_class","Female",17,"Teenage",1,0,1,57,"Southampton","Yes"
"1201","1st_class","Male",29,"Adult",0,0,0,30,"Southampton","No"
"1202","3rd_class","Male",31,"Adult",1,2,3,23.45,"Southampton","No"
"1203","3rd_class","Male",25,"Adult",0,0,0,7.05,"Southampton","No"
"1204","3rd_class","Male",25,"Adult",0,0,0,7.25,"Southampton","No"
"1205","3rd_class","Female",18,"Teenage",0,0,0,7.5,"Southampton","Yes"
"1206","3rd_class","Male",8,"Kid",4,1,5,29.12,"Queenstown","No"
"1207","3rd_class","Male",1,"Kid",1,2,3,20.58,"Southampton","Yes"
"1208","1st_class","Male",46,"Adult",0,0,0,79.2,"Cherbourg","No"
"1209","3rd_class","Male",30,"Adult",0,0,0,7.75,"Queenstown","No"
"1210","2nd_class","Male",16,"Teenage",0,0,0,26,"Southampton","No"
"1211","3rd_class","Female",8,"Kid",8,2,10,69.55,"Southampton","No"
"1212","1st_class","Male",48,"Adult",0,0,0,30.7,"Cherbourg","No"
"1213","3rd_class","Male",25,"Adult",0,0,0,7.9,"Southampton","No"
"1214","2nd_class","Male",39,"Adult",0,0,0,13,"Southampton","No"
"1215","1st_class","Female",49,"Adult",0,0,0,25.93,"Southampton","Yes"
"1216","3rd_class","Female",31,"Adult",0,0,0,8.68,"Southampton","Yes"
"1217","3rd_class","Male",30,"Adult",0,0,0,7.23,"Cherbourg","No"
"1218","3rd_class","Female",30,"Adult",1,1,2,24.15,"Southampton","No"
"1219","2nd_class","Male",34,"Adult",0,0,0,13,"Southampton","No"
"1220","2nd_class","Female",31,"Adult",1,1,2,26.25,"Southampton","Yes"
"1221","1st_class","Male",11,"Kid",1,2,3,120,"Southampton","Yes"
"1222","3rd_class","Male",0,"Kid",0,1,1,8.52,"Cherbourg","Yes"
"1223","3rd_class","Male",27,"Adult",0,0,0,6.97,"Southampton","Yes"
"1224","3rd_class","Male",31,"Adult",0,0,0,7.78,"Southampton","No"
"1225","1st_class","Male",39,"Adult",0,0,0,0,"Southampton","No"
"1226","3rd_class","Female",18,"Teenage",0,0,0,7.78,"Southampton","No"
"1227","2nd_class","Male",39,"Adult",0,0,0,13,"Southampton","No"
"1228","1st_class","Female",33,"Adult",1,0,1,53.1,"Southampton","Yes"
"1229","3rd_class","Male",26,"Adult",0,0,0,7.89,"Southampton","No"
"1230","3rd_class","Male",39,"Adult",0,0,0,24.15,"Southampton","No"
"1231","2nd_class","Male",35,"Adult",0,0,0,10.5,"Southampton","No"
"1232","3rd_class","Female",6,"Kid",4,2,6,31.27,"Southampton","No"
"1233","3rd_class","Male",30,"Adult",0,0,0,8.05,"Southampton","No"
"1234","1st_class","Male",46,"Adult",0,0,0,0,"Southampton","No"
"1235","3rd_class","Female",23,"Adult",0,0,0,7.92,"Southampton","No"
"1236","2nd_class","Male",31,"Adult",1,1,2,37,"Cherbourg","No"
"1237","3rd_class","Male",43,"Adult",0,0,0,6.45,"Southampton","No"
"1238","3rd_class","Male",10,"Kid",3,2,5,27.9,"Southampton","No"
"1239","1st_class","Female",52,"Adult",1,1,2,93.5,"Southampton","Yes"
"1240","3rd_class","Male",27,"Adult",0,0,0,8.66,"Southampton","Yes"
"1241","1st_class","Male",38,"Adult",0,0,0,0,"Southampton","No"
"1242","3rd_class","Female",27,"Adult",0,1,1,12.47,"Southampton","Yes"
"1243","3rd_class","Male",2,"Kid",4,1,5,39.69,"Southampton","No"
"1244","3rd_class","Male",30,"Adult",0,0,0,6.95,"Queenstown","No"
"1245","3rd_class","Male",30,"Adult",0,0,0,56.5,"Southampton","No"
"1246","2nd_class","Male",1,"Kid",0,2,2,37,"Cherbourg","Yes"
"1247","3rd_class","Male",25,"Adult",0,0,0,7.75,"Queenstown","Yes"
"1248","1st_class","Female",62,"Adult",0,0,0,80,"Southampton","Yes"
"1249","3rd_class","Female",15,"Teenage",1,0,1,14.45,"Cherbourg","Yes"
"1250","2nd_class","Male",1,"Kid",1,1,2,18.75,"Southampton","Yes"
"1251","3rd_class","Male",30,"Adult",0,0,0,7.23,"Cherbourg","No"
"1252","3rd_class","Male",23,"Adult",0,0,0,7.85,"Southampton","No"
"1253","3rd_class","Male",18,"Teenage",0,0,0,8.3,"Southampton","No"
"1254","1st_class","Female",39,"Adult",1,1,2,83.16,"Cherbourg","Yes"
"1255","3rd_class","Male",21,"Adult",0,0,0,8.66,"Southampton","No"
"1256","3rd_class","Male",28,"Adult",0,0,0,8.05,"Southampton","No"
"1257","3rd_class","Male",32,"Adult",0,0,0,56.5,"Southampton","Yes"
"1258","1st_class","Male",43,"Adult",0,0,0,29.7,"Cherbourg","Yes"
"1259","3rd_class","Male",20,"Adult",0,0,0,7.92,"Southampton","No"
"1260","2nd_class","Male",16,"Teenage",0,0,0,10.5,"Southampton","No"
"1261","1st_class","Female",30,"Adult",0,0,0,31,"Cherbourg","Yes"
"1262","3rd_class","Male",34,"Adult",0,0,0,6.44,"Cherbourg","No"
"1263","3rd_class","Male",17,"Teenage",0,0,0,8.66,"Southampton","No"
"1264","3rd_class","Male",42,"Adult",0,0,0,7.55,"Southampton","No"
"1265","3rd_class","Male",8,"Kid",8,2,10,69.55,"Southampton","No"
"1266","3rd_class","Male",35,"Adult",0,0,0,7.9,"Cherbourg","No"
"1267","2nd_class","Male",28,"Adult",0,1,1,33,"Southampton","No"
"1268","1st_class","Female",36,"Adult",1,0,1,89.1,"Cherbourg","Yes"
"1269","3rd_class","Male",4,"Kid",4,2,6,31.27,"Southampton","No"
"1270","3rd_class","Male",74,"Elder",0,0,0,7.78,"Southampton","No"
"1271","3rd_class","Female",9,"Kid",1,1,2,15.25,"Cherbourg","No"
"1272","1st_class","Female",16,"Teenage",0,1,1,39.4,"Southampton","Yes"
"1273","2nd_class","Female",44,"Adult",1,0,1,26,"Southampton","No"
"1274","3rd_class","Female",18,"Teenage",0,1,1,9.35,"Southampton","Yes"
"1275","1st_class","Female",45,"Adult",1,1,2,164.87,"Southampton","Yes"
"1276","1st_class","Male",51,"Adult",0,0,0,26.55,"Southampton","Yes"
"1277","3rd_class","Female",24,"Adult",0,3,3,19.26,"Cherbourg","Yes"
"1278","3rd_class","Male",30,"Adult",0,0,0,7.23,"Cherbourg","No"
"1279","3rd_class","Male",41,"Adult",2,0,2,14.11,"Southampton","No"
"1280","2nd_class","Male",21,"Adult",1,0,1,11.5,"Southampton","No"
"1281","1st_class","Female",48,"Adult",0,0,0,25.93,"Southampton","Yes"
"1282","3rd_class","Female",8,"Kid",8,2,10,69.55,"Southampton","No"
"1283","2nd_class","Male",24,"Adult",0,0,0,13,"Southampton","No"
"1284","2nd_class","Female",42,"Adult",0,0,0,13,"Southampton","Yes"
"1285","2nd_class","Female",27,"Adult",1,0,1,13.86,"Cherbourg","Yes"
"1286","1st_class","Male",31,"Adult",0,0,0,50.5,"Southampton","No"
"1287","3rd_class","Male",28,"Adult",0,0,0,9.5,"Southampton","No"
"1288","3rd_class","Male",4,"Kid",1,1,2,11.13,"Southampton","Yes"
"1289","3rd_class","Male",26,"Adult",0,0,0,7.9,"Southampton","No"
"1290","1st_class","Female",47,"Adult",1,1,2,52.55,"Southampton","Yes"
"1291","1st_class","Male",33,"Adult",0,0,0,5,"Southampton","No"
"1292","3rd_class","Male",47,"Adult",0,0,0,9,"Southampton","No"
"1293","2nd_class","Female",28,"Adult",1,0,1,24,"Cherbourg","Yes"
"1294","3rd_class","Female",15,"Teenage",0,0,0,7.22,"Cherbourg","Yes"
"1295","3rd_class","Male",20,"Adult",0,0,0,9.85,"Southampton","No"
"1296","3rd_class","Male",19,"Teenage",0,0,0,7.9,"Southampton","No"
"1297","3rd_class","Male",28,"Adult",0,0,0,7.9,"Southampton","No"
"1298","1st_class","Female",56,"Adult",0,1,1,83.16,"Cherbourg","Yes"
"1299","2nd_class","Female",25,"Adult",0,1,1,26,"Southampton","Yes"
"1300","3rd_class","Male",33,"Adult",0,0,0,7.9,"Southampton","No"
"1301","3rd_class","Female",22,"Adult",0,0,0,10.52,"Southampton","No"
"1302","2nd_class","Male",28,"Adult",0,0,0,10.5,"Southampton","No"
"1303","3rd_class","Male",25,"Adult",0,0,0,7.05,"Southampton","No"
"1304","3rd_class","Female",39,"Adult",0,5,5,29.12,"Queenstown","No"
"1305","2nd_class","Male",27,"Adult",0,0,0,13,"Southampton","No"
"1306","1st_class","Female",19,"Teenage",0,0,0,30,"Southampton","Yes"
"1307","3rd_class","Female",31,"Adult",1,2,3,23.45,"Southampton","No"
"1308","1st_class","Male",26,"Adult",0,0,0,30,"Cherbourg","Yes"
"1309","3rd_class","Male",32,"Adult",0,0,0,7.75,"Queenstown","No"
